{"stats":{"minecraft:used":{"reinfchest:iron_chest":1,"farmersdelight:vegetable_noodles":1,"reinfchest:copper_chest":4,"minecraft:torch":3,"create:gray_toolbox":3,"vinery:apple_mash":1,"minecraft:white_bed":6,"computercraft:computer_normal":2,"create:chute":3,"tconstruct:tinker_station":1,"farmersdelight:egg_sandwich":1,"tconstruct:crafting_station":2,"create:stressometer":1,"minecraft:andesite":1,"create:vertical_gearbox":1,"farmersdelight:fruit_salad":1,"minecraft:cooked_beef":5,"tconstruct:part_builder":1,"minecraft:acacia_planks":1},"minecraft:custom":{"minecraft:interact_with_furnace":10,"minecraft:mob_kills":3,"minecraft:interact_with_crafting_table":1,"minecraft:tune_noteblock":41,"minecraft:open_barrel":2,"minecraft:interact_with_loom":1,"minecraft:leave_game":1,"minecraft:time_since_death":84501,"minecraft:sleep_in_bed":1,"minecraft:open_copper_chest":66,"minecraft:time_since_rest":69965,"minecraft:sprint_one_cm":174968,"minecraft:damage_taken":794,"minecraft:walk_one_cm":138030,"minecraft:drop":21,"minecraft:damage_dealt":459,"minecraft:play_noteblock":44,"minecraft:swim_one_cm":2739,"minecraft:fly_one_cm":102432,"minecraft:open_chest":14,"minecraft:crouch_one_cm":1209,"minecraft:play_time":84501,"minecraft:sneak_time":873,"minecraft:walk_under_water_one_cm":302,"minecraft:jump":511,"minecraft:walk_on_water_one_cm":1095,"minecraft:total_world_time":84501,"minecraft:open_iron_chest":39,"minecraft:fall_one_cm":17514},"minecraft:crafted":{"tconstruct:pattern":12,"tconstruct:pickaxe":1,"minecraft:oak_planks":16,"create:andesite_alloy":26,"create:rose_quartz":1,"tconstruct:part_builder":1,"tconstruct:round_plate":1,"tconstruct:tool_handle":2,"create:sand_paper":1,"tconstruct:pick_head":2,"tconstruct:tool_binding":1,"tconstruct:pickadze":1,"minecraft:air":0,"minecraft:glass_pane":16,"tconstruct:tinker_station":1,"create:vertical_gearbox":1,"minecraft:glass":5,"tconstruct:crafting_station":1,"minecraft:stick":12,"minecraft:iron_ingot":32,"minecraft:acacia_planks":36},"minecraft:killed":{"naturalist:firefly":1,"minecraft:zombie":2},"minecraft:mined":{"reinfchest:copper_chest":3,"minecraft:acacia_leaves":2,"minecraft:white_bed":6,"minecraft:acacia_log":9,"minecraft:grass_block":9,"minecraft:copper_ore":7,"minecraft:wall_torch":3,"techreborn:tin_ore":9,"computercraft:computer_normal":1,"minecraft:grass":3,"minecraft:oak_log":5,"create:chute":1,"minecraft:dirt":20,"tconstruct:crafting_station":1,"minecraft:acacia_planks":1,"minecraft:stone":95,"minecraft:oak_leaves":1},"minecraft:dropped":{"tconstruct:pattern":3,"tconstruct:pickaxe":1,"reinfchest:iron_chest":1,"minecraft:wheat_seeds":1,"create:shaft":8,"minecraft:bowl":2,"minecraft:cobblestone":30,"minecraft:oak_planks":3,"vinery:white_grape_seeds":1,"minecraft:stick":4,"minecraft:diorite":64,"tconstruct:materials_and_you":1,"minecraft:torch":3,"tconstruct:seared_heater":1,"minecraft:oak_sapling":2,"create:sand_paper":1,"ftbquests:book":1,"vinery:red_grape_seeds":1},"minecraft:picked_up":{"techreborn:raw_tin":18,"minecraft:cooked_beef":4,"tconstruct:crafting_station":1,"farmersdelight:rice":4,"minecraft:leather_chestplate":1,"farmersdelight:smoked_ham":2,"minecraft:clay_ball":208,"minecraft:andesite":16,"tconstruct:materials_and_you":1,"techreborn:tin_ingot":8,"vinery:red_grape_seeds":1,"create:andesite_alloy":8,"minecraft:oak_log":5,"minecraft:paper":12,"minecraft:dirt":58,"techreborn:crude_storage_unit":4,"minecraft:raw_copper":50,"naturalist:glow_goop":1,"create:chute":1,"minecraft:acacia_planks":27,"create:sand_paper":1,"tconstruct:seared_heater":1,"minecraft:wheat_seeds":5,"ftbquests:book":1,"reinfchest:copper_chest":6,"farmersdelight:straw":3,"create:shaft":17,"mcdw:dagger_dagger":1,"vinery:wine_box":1,"tconstruct:encyclopedia":1,"create:gray_toolbox":1,"minecraft:oak_planks":3,"tconstruct:tinkers_gadgetry":1,"minecraft:stick":4,"minecraft:copper_ingot":8,"minecraft:quartz":1,"minecraft:torch":6,"minecraft:acacia_log":9,"create:andesite_casing":6,"minecraft:gray_dye":12,"minecraft:sand":72,"minecraft:cake":1,"minecraft:diorite":123,"minecraft:white_bed":6,"computercraft:computer_normal":1,"create:gearbox":12,"create:large_cogwheel":1,"minecraft:arrow":17,"minecraft:rotten_flesh":6,"reinfchest:iron_chest":2,"vinery:white_grape_seeds":1,"minecraft:oak_sapling":4,"tconstruct:pattern":3,"vinery:wine_rack_2":1,"minecraft:coal":32,"minecraft:cobblestone":138}},"DataVersion":2975}