{"stats":{"minecraft:used":{"minecraft:chest":4,"minecraft:player_head":1,"minecraft:lava_bucket":9,"techreborn:crude_storage_unit":2,"tconstruct:seared_faucet":5,"tconstruct:tinkers_anvil":1,"minecraft:furnace":2,"mcdw:dagger_dagger":13,"mcdw:sickle_last_laugh_silver":7,"reinfchest:iron_chest":1,"minecraft:oak_planks":1,"minecraft:glow_berries":12,"minecraft:loom":1,"create:gray_toolbox":18,"minecraft:dripstone_block":12,"minecraft:pumpkin_seeds":7,"minecraft:bread":20,"minecraft:gravel":2,"tconstruct:tinkers_chest":1,"tconstruct:crafting_station":3,"tconstruct:mattock":7,"minecraft:birch_log":1,"camsbackpacks:white_backpack":1,"farmersdelight:vegetable_noodles":1,"minecraft:torch":136,"minecraft:dirt":63,"vinery:apple_mash":1,"doodads:platform":12,"tconstruct:seared_heater":3,"chipped:stone_24":4,"tconstruct:tinker_station":6,"extractinator:extractinator":1,"tconstruct:cast_chest":1,"farmersdelight:cooking_pot":1,"minecraft:cobbled_deepslate":18,"tconstruct:part_builder":3,"minecraft:cooked_beef":2,"vinery:red_grape":7,"minecraft:pointed_dripstone":11,"campanion:skipping_stone":1,"minecraft:birch_planks":10,"minecraft:cauldron":10,"minecraft:glow_ink_sac":1,"minecraft:rail":1,"minecraft:crafting_table":2,"minecraft:birch_sign":1,"minecraft:white_bed":1,"tconstruct:seared_basin":3,"minecraft:cake":1,"farmersdelight:smoked_ham":1,"minecraft:oak_log":2,"minecraft:apple":7,"tconstruct:seared_table":2,"minecraft:iron_pickaxe":250,"tconstruct:part_chest":2,"minecraft:leather_helmet":1,"minecraft:cobblestone":77,"tconstruct:seared_melter":2,"farmersdelight:egg_sandwich":1,"minecraft:bucket":12,"farmersdelight:fruit_salad":1,"minecraft:smooth_stone":136},"minecraft:custom":{"lootr:looted_stat":9,"minecraft:interact_with_crafting_table":21,"minecraft:eat_cake_slice":7,"minecraft:leave_game":2,"minecraft:time_since_death":2423,"minecraft:sprint_one_cm":779847,"minecraft:drop":225,"minecraft:deaths":10,"minecraft:play_time":410708,"minecraft:jump":2575,"minecraft:walk_on_water_one_cm":55838,"minecraft:interact_with_furnace":54,"minecraft:interact_with_loom":1,"minecraft:sleep_in_bed":3,"minecraft:damage_dealt":4802,"minecraft:crouch_one_cm":15270,"minecraft:use_cauldron":6,"minecraft:mob_kills":26,"minecraft:walk_one_cm":1340370,"minecraft:sneak_time":5962,"minecraft:walk_under_water_one_cm":120603,"minecraft:total_world_time":410708,"minecraft:open_copper_chest":190,"minecraft:time_since_rest":2445,"minecraft:damage_taken":4145,"minecraft:fly_one_cm":182310,"minecraft:open_chest":19,"minecraft:open_iron_chest":144,"minecraft:fall_one_cm":59952},"minecraft:broken":{"minecraft:leather_leggings":1,"minecraft:leather_helmet":1,"minecraft:iron_pickaxe":1},"minecraft:crafted":{"minecraft:brick":56,"minecraft:oak_planks":4,"minecraft:barrel":1,"tconstruct:broad_blade":1,"tconstruct:pick_head":8,"tconstruct:tool_binding":11,"minecraft:raw_copper":9,"tconstruct:broad_axe_head":1,"tconstruct:seared_brick":64,"tconstruct:small_axe_head":2,"minecraft:magenta_dye":2,"tconstruct:tough_handle":1,"tconstruct:small_blade":4,"minecraft:oak_slab":6,"minecraft:cauldron":5,"minecraft:crafting_table":3,"compressor:triple_compressed_andesite":1,"tconstruct:tool_handle":14,"minecraft:copper_ingot":50,"minecraft:birch_planks":12,"tconstruct:sword":2,"minecraft:stick":12,"tconstruct:large_plate":1,"tconstruct:pickaxe":20,"tconstruct:pattern":18,"tconstruct:seared_chute":1,"tconstruct:part_builder":1,"tconstruct:round_plate":2,"minecraft:furnace":1,"tconstruct:repair_kit":1,"tconstruct:kama":1,"tconstruct:seared_basin":1,"tconstruct:tinker_station":2,"tconstruct:seared_table":1,"compressor:compressed_andesite":1,"minecraft:red_dye":1,"tconstruct:hammer_head":1,"minecraft:air":0,"tconstruct:seared_heater":1,"minecraft:gold_nugget":9,"tconstruct:crafting_station":4,"tconstruct:seared_faucet":3,"minecraft:torch":10,"chipped:stone_24":4,"tconstruct:mattock":7},"minecraft:killed":{"minecraft:cave_spider":2,"minecraft:spider":1,"minecraft:skeleton":2,"naturalist:firefly":2,"minecraft:zombie":12,"minecraft:glow_squid":4,"minecraft:phantom":1},"minecraft:mined":{"minecraft:large_amethyst_bud":2,"create:deepslate_zinc_ore":48,"minecraft:oak_sapling":6,"tconstruct:tinker_station":5,"minecraft:granite":2,"minecraft:grass_block":44,"tconstruct:part_chest":2,"tconstruct:seared_table":1,"minecraft:smooth_stone":11,"minecraft:tall_seagrass":1,"minecraft:cobbled_deepslate":1,"minecraft:iron_ore":36,"minecraft:fire":4,"tconstruct:seared_melter":1,"minecraft:deepslate_lapis_ore":20,"tconstruct:tinkers_chest":1,"minecraft:pointed_dripstone":29,"minecraft:cave_vines":2,"chipped:cobblestone_1":9,"minecraft:deepslate_redstone_ore":64,"tconstruct:part_builder":2,"minecraft:amethyst_cluster":2,"tconstruct:tinkers_anvil":1,"chipped:stone_24":4,"minecraft:clay":45,"minecraft:torch":61,"minecraft:cobblestone":23,"extractinator:silt":7,"minecraft:oak_planks":38,"minecraft:wall_torch":31,"minecraft:cauldron":5,"tconstruct:seared_faucet":3,"minecraft:birch_log":85,"minecraft:grass":4,"minecraft:oak_log":207,"minecraft:loom":1,"minecraft:sand":72,"minecraft:dirt":37,"tconstruct:crafting_station":2,"tconstruct:seared_heater":2,"minecraft:raw_copper_block":1,"create:crimsite":9,"minecraft:oak_leaves":50,"minecraft:deepslate":125,"create:zinc_ore":9,"minecraft:tuff":2,"extractinator:extractinator":1,"minecraft:glow_lichen":4,"tconstruct:cast_chest":1,"minecraft:andesite":579,"minecraft:deepslate_iron_ore":11,"minecraft:rail":1,"minecraft:stone":770,"camsbackpacks:white_backpack":1,"minecraft:oak_fence":4,"minecraft:crafting_table":1,"tconstruct:seared_basin":2,"doodads:platform":12,"minecraft:rose_bush":16,"minecraft:copper_ore":46,"minecraft:deepslate_gold_ore":8,"minecraft:lapis_ore":8,"minecraft:diorite":186,"techreborn:tin_ore":2,"minecraft:birch_planks":10,"techreborn:rubber_leaves":1,"minecraft:birch_leaves":5,"minecraft:coal_ore":46,"minecraft:gravel":237,"minecraft:dripstone_block":32,"minecraft:cobweb":81,"minecraft:gold_ore":4,"techreborn:rubber_log":5},"minecraft:dropped":{"minecraft:cooked_beef":8,"minecraft:glow_ink_sac":1,"chipped:stone_1":78,"mcdw:staff_battlestaff":3,"minecraft:rail":4,"tconstruct:sword":2,"minecraft:music_disc_13":1,"minecraft:flint":49,"minecraft:dirt":8,"createastral:orcane":1,"tconstruct:materials_and_you":1,"ad_astra:moon_stone":21,"tconstruct:pattern":16,"minecraft:gravel":230,"tconstruct:pickaxe":6,"ad_astra:moon_cobblestone":1,"minecraft:cobbled_deepslate":30,"minecraft:pointed_dripstone":5,"minecraft:rotten_flesh":40,"tconstruct:ingot_sand_cast":1,"minecraft:oak_planks":40,"techreborn:treetap":1,"tconstruct:ingot_cast":1,"tconstruct:grout":128,"tconstruct:tool_binding":2,"tconstruct:pick_head":1,"tconstruct:kama":1,"tconstruct:mighty_smelting":2,"tconstruct:hammer_head_cast":1,"minecraft:arrow":43,"create:andesite_alloy":44,"tconstruct:tool_handle":2,"minecraft:oak_fence":4,"minecraft:cobblestone":360,"minecraft:granite":2,"minecraft:activator_rail":3,"minecraft:coal":2,"minecraft:stick":7,"minecraft:lava_bucket":1,"minecraft:diorite":57,"tconstruct:crafting_station":4,"minecraft:red_dye":1,"minecraft:smooth_stone":233,"mcdw:sickle_last_laugh_silver":1,"minecraft:string":3,"minecraft:music_disc_cat":1,"create:sand_paper":1,"techreborn:sap":12,"minecraft:player_head":4,"minecraft:raw_copper":20,"tconstruct:seared_bricks":5,"minecraft:tuff":1,"minecraft:stone":192,"tconstruct:mattock":1,"create:zinc_ingot":44,"minecraft:andesite":1,"tconstruct:seared_brick":57,"minecraft:spider_eye":6,"minecraft:raw_gold":2,"extractinator:silt":1},"minecraft:killed_by":{"minecraft:zombie":3,"minecraft:player":1,"minecraft:skeleton":2},"minecraft:picked_up":{"techreborn:raw_tin":9,"minecraft:wheat":1,"tconstruct:cast_chest":1,"minecraft:redstone_block":5,"techreborn:treetap":1,"tconstruct:mighty_smelting":1,"minecraft:music_disc_cat":1,"minecraft:string":81,"minecraft:raw_copper":223,"create:sand_paper":1,"create:water_wheel":3,"minecraft:activator_rail":3,"tconstruct:ingot_cast":2,"minecraft:cobbled_deepslate":462,"minecraft:smooth_stone":408,"minecraft:bucket":5,"minecraft:rose_bush":15,"techreborn:rubber_log":5,"minecraft:furnace":1,"minecraft:stick":58,"doodads:platform":44,"minecraft:oak_fence":4,"packages:package_maker":1,"minecraft:torch":107,"create:andesite_casing":16,"minecraft:diorite":189,"tconstruct:seared_faucet":3,"minecraft:pointed_dripstone":75,"minecraft:cauldron":5,"chipped:stone_24":3,"minecraft:rotten_flesh":28,"minecraft:cobblestone":1578,"minecraft:birch_log":123,"tconstruct:seared_bricks":1,"minecraft:lilac":1,"minecraft:cooked_beef":6,"minecraft:andesite":1427,"mcdw:staff_battlestaff":2,"minecraft:flint":49,"minecraft:tuff":2,"create:raw_zinc":59,"minecraft:lapis_lazuli":191,"minecraft:dirt":88,"minecraft:bone":3,"minecraft:wheat_seeds":1,"minecraft:raw_gold":14,"tconstruct:seared_table":1,"tconstruct:mattock":1,"chipped:stone_1":123,"minecraft:oak_planks":325,"minecraft:music_disc_13":1,"tconstruct:ingot_sand_cast":4,"minecraft:sand":72,"extractinator:silt":8,"minecraft:loom":1,"create:crimsite":9,"tconstruct:seared_basin":2,"minecraft:granite":2,"tconstruct:tinkers_chest":1,"minecraft:bread":12,"minecraft:oak_sapling":65,"minecraft:crafting_table":1,"tconstruct:crafting_station":3,"minecraft:clay_ball":304,"tconstruct:tinkers_anvil":1,"campanion:skipping_stone":26,"camsbackpacks:white_backpack":1,"chipped:cobblestone_1":9,"ad_astra:moon_cobblestone":1,"minecraft:player_head":1,"minecraft:poppy":1,"minecraft:birch_sapling":5,"minecraft:phantom_membrane":1,"minecraft:raw_copper_block":1,"minecraft:raw_iron":49,"minecraft:stone":148,"minecraft:copper_ingot":277,"tconstruct:pickaxe":3,"minecraft:note_block":1,"minecraft:cake":1,"minecraft:redstone":284,"create:zinc_ingot":7,"minecraft:arrow":38,"tconstruct:grout":64,"tconstruct:tinker_station":5,"minecraft:gold_ingot":3,"tconstruct:part_chest":2,"extractinator:extractinator":1,"minecraft:rail":1,"create:iron_sheet":1,"minecraft:glow_ink_sac":12,"tconstruct:part_builder":2,"minecraft:birch_planks":10,"minecraft:oak_log":248,"create:andesite_alloy":7,"tconstruct:tool_handle":2,"naturalist:glow_goop":1,"tconstruct:seared_brick":97,"minecraft:apple":7,"tconstruct:seared_heater":2,"minecraft:iron_ingot":22,"mcdw:dagger_dagger":1,"minecraft:book":1,"minecraft:pumpkin":7,"minecraft:lava_bucket":1,"minecraft:dripstone_block":72,"minecraft:gravel":747,"minecraft:amethyst_shard":8,"minecraft:spider_eye":6,"create:gearbox":8,"tconstruct:seared_melter":1,"tconstruct:pattern":31,"minecraft:coal":103}},"DataVersion":2975}