{"stats":{"minecraft:used":{"minecraft:beetroot":2,"camsbackpacks:white_backpack":7,"vinery:white_grapejuice_wine_bottle":1,"minecraft:rose_bush":1,"farmersdelight:vegetable_noodles":1,"campanion:wooden_spear":2,"vinery:cherry_sapling":2,"minecraft:spruce_slab":4,"reinfchest:copper_chest":1,"vinery:white_grape":7,"minecraft:player_head":14,"minecraft:torch":39,"createastral:copper_pickaxe":109,"minecraft:spyglass":11,"minecraft:dirt":26,"minecraft:lily_of_the_valley":1,"vinery:wine_press":2,"vinery:wine_rack_2":1,"chipped:ladder_5":3,"chipped:barrel_6":1,"minecraft:birch_sapling":3,"tconstruct:tinker_station":2,"vinery:wine_box":3,"vinery:grapevine_stem":17,"packages:package":2,"minecraft:barrel":2,"chipped:ladder_2":1,"farmersdelight:cutting_board":1,"minecraft:iron_trapdoor":1,"vinery:red_grapejuice_wine_bottle":7,"minecraft:oak_sapling":4,"mcdw:dagger_dagger":36,"farmersdelight:tomato_seeds":1,"tconstruct:part_builder":1,"mcdw:sword_heartstealer":72,"minecraft:cooked_beef":4,"vinery:white_grape_seeds":2,"vinery:red_grape":15,"farmersdelight:iron_knife":10,"minecraft:wheat_seeds":6,"minecraft:water_bucket":8,"drinkbeer:empty_beer_mug":4,"minecraft:composter":2,"create:red_seat":1,"mcdw:staff_battlestaff":10,"farmersdelight:cabbage_leaf":4,"minecraft:oak_slab":4,"minecraft:crafting_table":1,"create:gray_toolbox":42,"minecraft:white_bed":1,"farmersdelight:rice":20,"minecraft:smoker":1,"minecraft:cake":1,"minecraft:cobbled_deepslate_stairs":2,"minecraft:apple":8,"minecraft:bread":9,"techreborn:rubber_log":1,"vinery:fermentation_barrel":1,"minecraft:lilac":2,"minecraft:cobblestone":17,"minecraft:purple_bed":1,"farmersdelight:egg_sandwich":1,"tconstruct:crafting_station":1,"vinery:grapevine_pot":3,"minecraft:bucket":9,"minecraft:bone_meal":199,"farmersdelight:fruit_salad":1,"vinery:red_grape_seeds":1,"camsbackpacks:magenta_backpack":1,"minecraft:oak_fence":19},"minecraft:custom":{"lootr:looted_stat":6,"minecraft:mob_kills":24,"minecraft:interact_with_crafting_table":6,"minecraft:open_barrel":27,"minecraft:eat_cake_slice":9,"minecraft:leave_game":7,"minecraft:time_since_death":130186,"minecraft:climb_one_cm":2886,"minecraft:sprint_one_cm":202836,"minecraft:walk_one_cm":1222163,"minecraft:drop":74,"minecraft:play_time":275022,"minecraft:deaths":11,"minecraft:sneak_time":2157,"minecraft:walk_under_water_one_cm":43800,"minecraft:jump":1797,"minecraft:walk_on_water_one_cm":21745,"minecraft:total_world_time":275022,"minecraft:interact_with_furnace":28,"minecraft:interact_with_loom":1,"minecraft:sleep_in_bed":9,"minecraft:open_copper_chest":115,"minecraft:time_since_rest":47195,"minecraft:damage_taken":5171,"minecraft:damage_dealt":6944,"minecraft:swim_one_cm":12149,"minecraft:fly_one_cm":136368,"minecraft:player_kills":11,"minecraft:open_chest":19,"minecraft:crouch_one_cm":6290,"minecraft:interact_with_smoker":2,"minecraft:fall_one_cm":29903,"minecraft:open_iron_chest":71},"minecraft:broken":{"minecraft:leather_helmet":1},"minecraft:crafted":{"tconstruct:pickaxe":3,"tconstruct:pattern":9,"minecraft:oak_planks":64,"minecraft:barrel":5,"farmersdelight:canvas":2,"tconstruct:pick_head":2,"tconstruct:tool_binding":2,"minecraft:bone_meal":198,"campanion:leather_pouch":5,"tconstruct:tinker_station":1,"minecraft:glass":3,"vinery:fermentation_barrel":1,"camsbackpacks:magenta_backpack":1,"minecraft:leather":12,"techreborn:tin_ingot":5,"vinery:wine_press":1,"minecraft:spruce_slab":6,"campanion:sleeping_bag":4,"minecraft:bricks":2,"minecraft:oak_fence":3,"vinery:wine_bottle":8,"campanion:wool_tarp":5,"minecraft:glass_bottle":3,"farmersdelight:tomato_seeds":1,"minecraft:oak_slab":24,"create:andesite_alloy":22,"minecraft:iron_trapdoor":1,"minecraft:crafting_table":1,"farmersdelight:iron_knife":1,"tconstruct:tool_handle":2,"minecraft:air":0,"minecraft:white_wool":2,"create:water_wheel":1,"minecraft:stick":12,"campanion:rope":2,"camsbackpacks:white_backpack":3,"minecraft:torch":10,"create:zinc_ingot":38,"minecraft:shears":1},"minecraft:killed":{"minecraft:spider":1,"naturalist:snail":2,"minecraft:skeleton":6,"minecraft:zombie_villager":1,"naturalist:bear":1,"naturalist:firefly":1,"naturalist:snake":1,"minecraft:zombie":9,"minecraft:player":11,"minecraft:enderman":2},"minecraft:mined":{"minecraft:spruce_planks":37,"minecraft:white_bed":1,"packages:package":2,"tconstruct:tinker_station":1,"minecraft:cobbled_deepslate_stairs":3,"minecraft:jungle_leaves":8,"minecraft:grass_block":10,"vinery:grapevine_leaves":33,"minecraft:composter":1,"vinery:wine_press":2,"minecraft:iron_ore":8,"minecraft:barrel":1,"chipped:ladder_2":1,"minecraft:andesite":27,"minecraft:pumpkin":18,"minecraft:potatoes":2,"minecraft:deepslate_iron_ore":21,"create:red_seat":1,"vinery:grapevine_stem":5,"minecraft:stone":179,"minecraft:deepslate_redstone_ore":1,"drinkbeer:empty_beer_mug":1,"vinery:wine_box":1,"minecraft:player_wall_head":1,"minecraft:lily_of_the_valley":1,"minecraft:smoker":1,"vinery:grapevine_pot":3,"camsbackpacks:white_backpack":5,"minecraft:oak_fence":1,"minecraft:crafting_table":1,"minecraft:torch":17,"chipped:barrel_31":3,"vinery:red_grape_bush":1,"vinery:cherry_log":10,"minecraft:rose_bush":1,"minecraft:copper_ore":8,"minecraft:tall_grass":1,"minecraft:deepslate_gold_ore":6,"minecraft:sugar_cane":11,"minecraft:oak_planks":1,"minecraft:wall_torch":10,"vinery:white_grape_bush":2,"vinery:red_grapejuice_wine_bottle":2,"techreborn:tin_ore":2,"minecraft:purple_bed":1,"farmersdelight:cutting_board":1,"minecraft:wheat":1,"minecraft:lilac":4,"minecraft:spruce_log":4,"minecraft:birch_leaves":3,"minecraft:grass":8,"minecraft:oak_log":74,"minecraft:coal_ore":18,"minecraft:tuff":7,"create:deepslate_zinc_ore":29,"minecraft:sand":3,"minecraft:dirt":28,"tconstruct:crafting_station":1,"minecraft:deepslate":21,"create:zinc_ore":12,"minecraft:iron_trapdoor":1,"vinery:cherry_leaves":1,"minecraft:oak_leaves":31,"techreborn:rubber_log":1},"minecraft:dropped":{"minecraft:enchanted_book":1,"reinfchest:iron_chest":1,"minecraft:iron_ingot":6,"minecraft:wheat_seeds":7,"minecraft:oak_log":47,"tconstruct:tool_handle":1,"vinery:wine_box":1,"minecraft:cobblestone":10,"vinery:apple_mash":1,"create:cogwheel":54,"farmersdelight:smoked_ham":1,"minecraft:copper_ingot":72,"vinery:fermentation_barrel":1,"minecraft:rail":6,"minecraft:coal":64,"minecraft:stick":7,"minecraft:music_disc_13":1,"create:andesite_casing":19,"minecraft:dirt":1,"createastral:orcane":1,"minecraft:diorite":1,"techreborn:wrench":1,"techreborn:crude_storage_unit":2,"farmersdelight:cooking_pot":1,"create:iron_sheet":12,"create:large_cogwheel":2,"ftbquests:book":1,"minecraft:gray_dye":12,"minecraft:music_disc_cat":1,"mcdw:sword_heartstealer":1,"tconstruct:pattern":3,"tconstruct:pickaxe":2,"campanion:wooden_spear":1,"minecraft:player_head":1,"create:shaft":28,"minecraft:detector_rail":1,"minecraft:cobbled_deepslate":2,"minecraft:bowl":2,"vinery:wine_bottle":4,"minecraft:rotten_flesh":3,"tconstruct:tool_binding":1,"tconstruct:pick_head":1,"minecraft:leather_chestplate":1,"reinfchest:copper_chest":4,"tconstruct:mattock":1,"create:gearbox":14,"minecraft:beetroot_seeds":6,"vinery:wine_rack_2":1,"minecraft:arrow":20,"create:water_wheel":8,"camsbackpacks:white_backpack":1,"minecraft:bread":1,"farmersdelight:tomato_seeds":1},"minecraft:killed_by":{"minecraft:player":11},"minecraft:picked_up":{"minecraft:wheat":37,"tconstruct:crafting_station":1,"minecraft:crafting_table":1,"vinery:red_grape":160,"minecraft:iron_trapdoor":1,"farmersdelight:rice_panicle":51,"vinery:red_grape_seeds":1,"vinery:cherry_log":10,"camsbackpacks:white_backpack":5,"minecraft:raw_copper":23,"farmersdelight:cutting_board":1,"drinkbeer:empty_beer_mug":1,"minecraft:music_disc_cat":1,"minecraft:string":44,"createastral:orcane":1,"techreborn:crude_storage_unit":2,"tconstruct:hand_axe":2,"vinery:cherry_sapling":8,"minecraft:glass_pane":14,"minecraft:beetroot":17,"minecraft:cobbled_deepslate":26,"farmersdelight:vegetable_noodles":3,"minecraft:bucket":1,"minecraft:spruce_planks":62,"farmersdelight:straw":45,"minecraft:rose_bush":1,"minecraft:player_head":4,"techreborn:rubber_log":1,"chipped:barrel_31":3,"minecraft:sugar_cane":14,"minecraft:birch_sapling":3,"minecraft:raw_iron":29,"minecraft:stick":18,"minecraft:composter":1,"minecraft:oak_fence":13,"minecraft:torch":42,"minecraft:bowl":1,"tconstruct:pickaxe":2,"tconstruct:kama":1,"farmersdelight:tomato_seeds":1,"minecraft:diorite":4,"minecraft:redstone":5,"farmersdelight:canvas":8,"minecraft:arrow":9,"minecraft:rotten_flesh":9,"minecraft:shears":1,"minecraft:beetroot_seeds":50,"tconstruct:tinker_station":1,"vinery:white_grape_seeds":1,"create:red_seat":1,"minecraft:cobblestone":307,"minecraft:leather_chestplate":1,"create:iron_sheet":12,"minecraft:lilac":2,"farmersdelight:rice":54,"farmersdelight:smoked_ham":1,"minecraft:water_bucket":1,"minecraft:andesite":23,"tconstruct:part_builder":1,"techreborn:wrench":1,"mcdw:staff_battlestaff":1,"minecraft:smoker":1,"minecraft:potato":2,"minecraft:tuff":6,"create:raw_zinc":41,"minecraft:oak_log":73,"minecraft:cobbled_deepslate_stairs":2,"minecraft:cobblestone_stairs":1,"farmersdelight:tomato":19,"minecraft:dirt":45,"naturalist:glow_goop":1,"minecraft:bone":6,"minecraft:apple":6,"minecraft:wheat_seeds":101,"minecraft:raw_gold":6,"vinery:grapevine_stem":21,"tconstruct:mattock":1,"vinery:wine_box":3,"minecraft:glass_bottle":1,"minecraft:oak_planks":73,"minecraft:oak_slab":3,"minecraft:cooked_porkchop":4,"minecraft:pumpkin":18,"chipped:ladder_2":1,"vinery:white_grape":33,"vinery:fermentation_barrel":1,"vinery:grapevine_pot":3,"minecraft:sand":3,"mcdw:sword_heartstealer":1,"minecraft:white_bed":1,"minecraft:spruce_log":9,"minecraft:lily_of_the_valley":1,"farmersdelight:cabbage_leaf":4,"minecraft:barrel":1,"vinery:red_grapejuice_wine_bottle":2,"packages:package":15,"minecraft:purple_bed":1,"techreborn:raw_tin":2,"minecraft:bread":1,"minecraft:bone_meal":1,"tconstruct:pattern":3,"minecraft:oak_sapling":13,"vinery:wine_press":3,"vinery:wine_rack_2":1,"minecraft:coal":18}},"DataVersion":2975}