{"stats":{"minecraft:used":{"ad_astra:moon_stone":1,"campanion:wooden_spear":10,"minecraft:oak_sign":1,"reinfchest:copper_chest":9,"minecraft:player_head":11,"minecraft:torch":41,"minecraft:dirt":172,"minecraft:spyglass":1,"minecraft:cobblestone_wall":49,"minecraft:tuff":4,"minecraft:lava_bucket":3,"vinery:apple_jam":1,"create:wrench":9,"tconstruct:tinker_station":3,"minecraft:bow":31,"minecraft:oak_sapling":1,"minecraft:furnace":1,"mcdw:sickle_last_laugh_silver":45,"minecraft:cooked_beef":1,"tconstruct:part_builder":1,"minecraft:cobbled_deepslate":19,"minecraft:water_bucket":32,"reinfchest:iron_chest":2,"minecraft:cobblestone_stairs":27,"mcdw:staff_battlestaff":27,"minecraft:glow_berries":5,"minecraft:oak_slab":67,"minecraft:crafting_table":3,"create:gray_toolbox":12,"minecraft:crossbow":1,"minecraft:white_bed":1,"minecraft:cake":1,"minecraft:cobbled_deepslate_stairs":18,"minecraft:bread":15,"create:water_wheel":5,"minecraft:lilac":2,"minecraft:cobblestone":14,"farmersdelight:egg_sandwich":1,"createastral:copper_shovel":202,"minecraft:bucket":37,"farmersdelight:fruit_salad":1},"minecraft:custom":{"lootr:looted_stat":11,"minecraft:mob_kills":10,"minecraft:interact_with_crafting_table":14,"minecraft:eat_cake_slice":10,"minecraft:leave_game":6,"minecraft:time_since_death":14896,"minecraft:sprint_one_cm":570522,"minecraft:walk_one_cm":650773,"minecraft:drop":126,"minecraft:play_time":198054,"minecraft:deaths":14,"minecraft:sneak_time":3766,"minecraft:walk_under_water_one_cm":30839,"minecraft:jump":1370,"minecraft:walk_on_water_one_cm":16066,"minecraft:total_world_time":198054,"minecraft:interact_with_furnace":26,"minecraft:interact_with_loom":1,"minecraft:sleep_in_bed":2,"minecraft:open_copper_chest":62,"minecraft:time_since_rest":14918,"minecraft:damage_taken":4607,"minecraft:damage_dealt":2504,"minecraft:swim_one_cm":12482,"minecraft:player_kills":6,"minecraft:fly_one_cm":221054,"minecraft:open_chest":33,"minecraft:crouch_one_cm":6932,"minecraft:interact_with_smoker":1,"minecraft:open_iron_chest":44,"minecraft:fall_one_cm":40153},"minecraft:broken":{"minecraft:leather_chestplate":1},"minecraft:crafted":{"minecraft:brick":10,"tconstruct:pickaxe":8,"tconstruct:pattern":9,"minecraft:oak_planks":32,"tconstruct:part_builder":1,"tconstruct:round_plate":3,"tconstruct:pick_head":5,"tconstruct:tool_binding":3,"tconstruct:tinker_station":1,"minecraft:glass":6,"minecraft:bow":1,"minecraft:cobblestone_wall":36,"tconstruct:small_axe_head":1,"create:analog_lever":1,"minecraft:crafting_table":1,"create:goggles":3,"tconstruct:tool_handle":5,"minecraft:copper_ingot":24,"tconstruct:pickadze":2,"minecraft:air":0,"minecraft:stick":16,"tconstruct:mattock":1},"minecraft:killed":{"minecraft:spider":3,"minecraft:skeleton":1,"minecraft:creeper":1,"minecraft:zombie":5,"minecraft:player":6},"minecraft:mined":{"create:zinc_ore":1,"create:deepslate_zinc_ore":7,"minecraft:tuff":4,"tconstruct:tinker_station":2,"minecraft:cobbled_deepslate_stairs":1,"minecraft:cobblestone_stairs":3,"minecraft:granite":13,"minecraft:grass_block":154,"vinery:apple_jam":1,"minecraft:furnace":1,"minecraft:cobbled_deepslate":3,"minecraft:andesite":19,"minecraft:deepslate_lapis_ore":2,"minecraft:deepslate_iron_ore":11,"minecraft:rail":62,"minecraft:stone":362,"minecraft:deepslate_redstone_ore":21,"minecraft:oak_slab":7,"tconstruct:part_builder":1,"minecraft:player_wall_head":1,"minecraft:smoker":1,"minecraft:crafting_table":3,"minecraft:torch":15,"reinfchest:iron_chest":2,"minecraft:copper_ore":9,"minecraft:cobblestone":1,"minecraft:deepslate_gold_ore":10,"minecraft:oak_planks":3,"minecraft:diorite":7,"minecraft:wall_torch":7,"techreborn:tin_ore":33,"techreborn:rubber_leaves":6,"minecraft:cobblestone_wall":2,"minecraft:lilac":3,"minecraft:grass":2,"minecraft:coal_ore":24,"minecraft:oak_log":10,"ad_astra:moon_stone":1,"minecraft:dirt":70,"minecraft:gravel":34,"minecraft:sand":9,"minecraft:oak_leaves":2,"minecraft:deepslate":92},"minecraft:dropped":{"minecraft:water_bucket":1,"reinfchest:iron_chest":1,"minecraft:oak_log":41,"vinery:wine_box":1,"minecraft:cyan_dye":3,"minecraft:crossbow":1,"mcdw:staff_battlestaff":6,"minecraft:cobblestone":11,"create:cogwheel":22,"naturalist:glow_goop":1,"minecraft:saddle":1,"tconstruct:sword":1,"minecraft:stick":5,"minecraft:flint":2,"create:andesite_casing":4,"tconstruct:tinker_station":1,"minecraft:dirt":4,"tconstruct:materials_and_you":1,"createastral:orcane":1,"minecraft:diorite":1,"techreborn:raw_tin":3,"techreborn:wrench":1,"mcdw:dagger_dagger":1,"techreborn:crude_storage_unit":6,"create:goggles":3,"create:iron_sheet":18,"create:large_cogwheel":2,"minecraft:bucket":2,"minecraft:gray_dye":17,"create:raw_zinc":1,"tconstruct:part_builder":1,"tconstruct:pattern":3,"minecraft:gravel":4,"tconstruct:pickaxe":6,"minecraft:furnace":2,"techreborn:sap":12,"create:shaft":28,"minecraft:bowl":1,"minecraft:tuff":1,"minecraft:rotten_flesh":14,"techreborn:treetap":1,"tconstruct:tool_binding":1,"tconstruct:pick_head":1,"minecraft:gunpowder":1,"tconstruct:pickadze":1,"tconstruct:mattock":1,"create:gearbox":7,"minecraft:andesite":63,"create:wrench":4,"vinery:wine_rack_2":1,"create:water_wheel":12,"create:andesite_alloy":8},"minecraft:killed_by":{"minecraft:player":9,"minecraft:creeper":2,"minecraft:enderman":1,"naturalist:lion":1},"minecraft:picked_up":{"techreborn:raw_tin":33,"minecraft:crafting_table":3,"tconstruct:materials_and_you":1,"vinery:red_grape_seeds":1,"create:wrench":4,"tconstruct:sword":1,"minecraft:enchanted_book":1,"techreborn:treetap":1,"minecraft:music_disc_cat":1,"minecraft:string":2,"createastral:orcane":1,"minecraft:raw_copper":19,"techreborn:crude_storage_unit":2,"minecraft:oak_sign":1,"create:water_wheel":3,"minecraft:detector_rail":1,"minecraft:cobbled_deepslate":235,"minecraft:bucket":1,"reinfchest:copper_chest":4,"minecraft:player_head":1,"create:gray_toolbox":2,"minecraft:birch_sapling":1,"minecraft:furnace":3,"minecraft:stick":4,"minecraft:raw_iron":10,"minecraft:copper_ingot":71,"minecraft:torch":27,"create:andesite_casing":2,"tconstruct:pickaxe":6,"minecraft:diorite":1,"minecraft:redstone":156,"create:large_cogwheel":2,"mcdw:sickle_last_laugh_silver":1,"minecraft:arrow":59,"minecraft:rotten_flesh":3,"tconstruct:tinker_station":3,"minecraft:saddle":1,"minecraft:rail":75,"campanion:wooden_spear":1,"minecraft:cobblestone":613,"create:iron_sheet":18,"minecraft:lilac":2,"minecraft:glow_ink_sac":3,"minecraft:andesite":64,"tconstruct:part_builder":1,"techreborn:wrench":1,"mcdw:staff_battlestaff":7,"minecraft:smoker":1,"minecraft:flint":4,"minecraft:tuff":5,"create:raw_zinc":8,"minecraft:oak_log":55,"create:andesite_alloy":3,"minecraft:cobblestone_wall":1,"minecraft:cobbled_deepslate_stairs":2,"minecraft:gunpowder":1,"minecraft:cobblestone_stairs":3,"minecraft:lapis_lazuli":13,"minecraft:dirt":228,"naturalist:glow_goop":1,"minecraft:bone":2,"minecraft:wheat_seeds":1,"minecraft:raw_gold":9,"create:goggles":1,"create:shaft":8,"mcdw:dagger_dagger":1,"minecraft:oak_planks":90,"minecraft:oak_slab":7,"create:cogwheel":12,"minecraft:spyglass":1,"minecraft:gravel":44,"minecraft:sand":7,"createastral:copper_shovel":1,"techreborn:rubber":27,"minecraft:spider_eye":1,"create:gearbox":7,"reinfchest:iron_chest":2,"minecraft:crossbow":1,"minecraft:emerald":1,"tconstruct:pattern":10,"minecraft:oak_sapling":3,"vinery:apple_jam":1,"minecraft:coal":116}},"DataVersion":2975}