{"stats":{"minecraft:used":{"chipped:cobblestone_1":228,"minecraft:oak_sign":8,"minecraft:chest":1,"minecraft:stone":2,"minecraft:player_head":2,"create:cogwheel":25,"create:depot":1,"minecraft:tuff":2,"mcdw:axe_firebrand":8,"packages:package_maker":1,"chipped:stone_36":4,"minecraft:lava_bucket":2,"techreborn:crude_storage_unit":17,"tconstruct:seared_faucet":1,"vinery:wine_box":1,"create:millstone":2,"minecraft:item_frame":1,"tconstruct:tinkers_anvil":1,"create:shaft":19,"minecraft:furnace":3,"minecraft:oak_sapling":11,"minecraft:beetroot_seeds":6,"mcdw:sword_heartstealer":2,"reinfchest:iron_chest":5,"minecraft:damaged_anvil":1,"minecraft:oak_planks":1,"mcdw:staff_battlestaff":8,"ad_astra:iron_sliding_door":3,"create:gray_toolbox":9,"minecraft:note_block":1,"mcdw:axe_axe":99,"minecraft:bread":49,"chipped:stone_1":402,"tconstruct:tinkers_chest":3,"create:basin":2,"minecraft:grindstone":1,"minecraft:smithing_table":1,"create:stressometer":2,"tconstruct:crafting_station":5,"createastral:copper_shovel":227,"minecraft:white_concrete":1,"create:vertical_gearbox":7,"create:large_cogwheel":7,"camsbackpacks:white_backpack":1,"createastral:copper_hoe":19,"farmersdelight:vegetable_noodles":1,"reinfchest:copper_chest":12,"minecraft:torch":165,"createastral:copper_pickaxe":211,"minecraft:dirt":46,"create:mechanical_mixer":2,"tconstruct:hand_axe":4,"minecraft:cobblestone_wall":2,"vinery:apple_mash":2,"doodads:platform":33,"vinery:wine_rack_2":2,"create:wrench":102,"create:gearbox":9,"tconstruct:tinker_station":2,"tconstruct:cast_chest":1,"tconstruct:part_builder":3,"minecraft:cooked_beef":1,"farmersdelight:tomato_seeds":1,"minecraft:cobbled_deepslate":6,"vinery:red_grape":1,"minecraft:wheat_seeds":8,"minecraft:cooked_mutton":6,"minecraft:water_bucket":7,"campanion:skipping_stone":6,"farmersdelight:skillet":7,"drinkbeer:empty_beer_mug":1,"minecraft:stonecutter":1,"minecraft:glow_ink_sac":6,"minecraft:cobblestone_slab":10,"create:encased_fan":4,"minecraft:crafting_table":1,"chipped:mason_table":2,"minecraft:birch_sign":1,"minecraft:white_bed":1,"minecraft:campfire":3,"techreborn:rubber_sapling":5,"minecraft:cake":1,"farmersdelight:smoked_ham":1,"minecraft:oak_log":4,"minecraft:apple":2,"create:mechanical_press":1,"minecraft:iron_pickaxe":305,"minecraft:map":1,"tconstruct:part_chest":2,"create:water_wheel":8,"minecraft:cobblestone":236,"minecraft:potion":1,"vinery:cherry":1,"farmersdelight:egg_sandwich":1,"minecraft:bucket":5,"minecraft:glass_pane":7,"farmersdelight:fruit_salad":1,"create:hand_crank":2,"minecraft:smooth_stone":783},"minecraft:custom":{"lootr:looted_stat":20,"minecraft:interact_with_crafting_table":3,"minecraft:eat_cake_slice":7,"minecraft:leave_game":5,"minecraft:time_since_death":279230,"minecraft:sprint_one_cm":962950,"minecraft:drop":235,"minecraft:play_noteblock":2,"minecraft:play_time":453316,"minecraft:deaths":5,"minecraft:jump":3176,"minecraft:walk_on_water_one_cm":21456,"minecraft:interact_with_furnace":150,"minecraft:interact_with_loom":2,"minecraft:sleep_in_bed":3,"minecraft:damage_dealt":7867,"minecraft:player_kills":8,"minecraft:crouch_one_cm":31030,"minecraft:interact_with_smithing_table":2,"minecraft:interact_with_anvil":3,"minecraft:mob_kills":37,"minecraft:climb_one_cm":6,"minecraft:walk_one_cm":1401936,"minecraft:sneak_time":10839,"minecraft:walk_under_water_one_cm":29184,"minecraft:total_world_time":453316,"minecraft:interact_with_grindstone":1,"minecraft:interact_with_stonecutter":1,"minecraft:open_copper_chest":277,"minecraft:time_since_rest":241936,"minecraft:damage_taken":3660,"minecraft:swim_one_cm":34013,"minecraft:fly_one_cm":441422,"minecraft:open_chest":65,"minecraft:open_iron_chest":134,"minecraft:fall_one_cm":77022},"minecraft:broken":{"createastral:copper_pickaxe":1,"createastral:copper_shovel":1,"minecraft:iron_pickaxe":1},"minecraft:crafted":{"tconstruct:cast_chest":1,"minecraft:oak_planks":104,"minecraft:chainmail_helmet":1,"minecraft:cobblestone_slab":12,"createastral:bronze_ingot":27,"farmersdelight:canvas":3,"minecraft:stone":43,"tconstruct:pick_head":3,"tconstruct:tool_binding":5,"vinery:cherry_planks":20,"minecraft:cooked_mutton":6,"tconstruct:hand_axe":4,"create:vertical_gearbox":1,"minecraft:white_concrete":1,"minecraft:glass":1,"create:mechanical_press":1,"techreborn:storage_buffer":1,"techreborn:treetap":1,"minecraft:chest":4,"tconstruct:small_axe_head":2,"create:cogwheel":12,"chipped:mason_table":1,"create:depot":1,"vinery:grapevine_stem":16,"minecraft:crafting_table":2,"minecraft:smithing_table":1,"tconstruct:tool_handle":5,"minecraft:copper_ingot":130,"minecraft:campfire":2,"create:mechanical_mixer":1,"minecraft:paper":3,"minecraft:stick":92,"minecraft:iron_ingot":68,"minecraft:iron_block":1,"doodads:platform":64,"techreborn:rubber_planks":4,"ad_astra:iron_sliding_door":1,"tconstruct:pickaxe":20,"tconstruct:pattern":33,"tconstruct:part_builder":1,"create:wrench":1,"minecraft:furnace":1,"minecraft:leather":3,"techreborn:tin_ingot":51,"create:basin":1,"minecraft:wheat":108,"create:andesite_alloy":48,"create:hand_crank":1,"mcdw:staff_battlestaff":3,"tconstruct:tinkers_anvil":1,"tconstruct:part_chest":2,"chipped:stone_36":5,"tconstruct:pickadze":1,"minecraft:air":0,"tconstruct:crafting_station":1,"minecraft:stonecutter":1,"create:shaft":16,"minecraft:torch":64,"create:zinc_ingot":54},"minecraft:killed":{"minecraft:witch":1,"minecraft:spider":2,"naturalist:snail":1,"minecraft:skeleton":8,"naturalist:firefly":1,"naturalist:snake":1,"minecraft:sheep":2,"minecraft:zombie":12,"minecraft:glow_squid":3,"naturalist:lion":1,"minecraft:phantom":3,"minecraft:player":8,"minecraft:enderman":1},"minecraft:mined":{"minecraft:large_amethyst_bud":1,"create:deepslate_zinc_ore":24,"reinfchest:copper_chest":5,"minecraft:oak_sapling":1,"tconstruct:tinker_station":1,"create:andesite_casing":4,"minecraft:brewing_stand":1,"minecraft:grass_block":221,"minecraft:oak_wall_sign":2,"minecraft:smooth_stone":20,"minecraft:raw_iron_block":1,"minecraft:iron_ore":2,"minecraft:cobbled_deepslate":5,"minecraft:fire":3,"minecraft:deepslate_lapis_ore":5,"tconstruct:tinkers_chest":2,"create:asurine":3,"minecraft:dirt_path":3,"chipped:cobblestone_1":122,"minecraft:player_head":1,"minecraft:spruce_slab":3,"minecraft:deepslate_redstone_ore":7,"create:cogwheel":7,"tconstruct:part_builder":3,"minecraft:player_wall_head":3,"minecraft:amethyst_cluster":2,"minecraft:note_block":1,"minecraft:torch":38,"minecraft:calcite":2,"minecraft:chest":2,"chipped:stone_1":9,"minecraft:cobblestone":62,"minecraft:damaged_anvil":1,"minecraft:grindstone":1,"minecraft:oak_planks":1,"extractinator:silt":4,"minecraft:sugar_cane":2,"minecraft:iron_door":1,"minecraft:wall_torch":27,"vinery:wine_rack_2":1,"tconstruct:seared_faucet":1,"minecraft:birch_log":11,"minecraft:grass":2,"minecraft:oak_log":52,"create:hand_crank":2,"minecraft:sand":4,"minecraft:dirt":91,"tconstruct:crafting_station":2,"minecraft:oak_leaves":52,"minecraft:deepslate":227,"chipped:barrel_6":1,"minecraft:tuff":52,"chipped:mason_table":1,"techreborn:crude_storage_unit":2,"create:large_cogwheel":2,"minecraft:brick_stairs":2,"minecraft:hay_block":12,"create:shaft":2,"minecraft:furnace":1,"minecraft:andesite":281,"minecraft:bookshelf":6,"minecraft:deepslate_iron_ore":35,"minecraft:stone":1770,"chipped:stone_36":4,"minecraft:oak_slab":4,"minecraft:crafting_table":2,"doodads:platform":24,"reinfchest:iron_chest":2,"create:water_wheel":2,"minecraft:copper_ore":16,"minecraft:lapis_ore":2,"minecraft:deepslate_gold_ore":8,"minecraft:diorite":63,"techreborn:tin_ore":8,"techreborn:rubber_leaves":13,"minecraft:cobblestone_wall":2,"create:gearbox":8,"minecraft:coal_ore":47,"minecraft:gravel":79,"minecraft:birch_sign":1,"techreborn:rubber_log":12},"minecraft:dropped":{"minecraft:clay":9,"packages:package":4,"minecraft:cooked_beef":2,"minecraft:oak_log":46,"minecraft:glass_bottle":1,"chipped:stone_1":122,"mcdw:staff_battlestaff":2,"vinery:white_grape_seeds":1,"createastral:copper_shovel":1,"farmersdelight:rice":3,"minecraft:flint":2,"techreborn:raw_tin":7,"campanion:skipping_stone":26,"create:iron_sheet":19,"ftbquests:book":1,"mcdw:sword_heartstealer":1,"minecraft:gold_ingot":3,"vinery:red_grape_seeds":1,"tconstruct:pickaxe":2,"minecraft:note_block":1,"farmersdelight:canvas":3,"minecraft:wheat":7,"vinery:cherry_sapling":2,"minecraft:beetroot":4,"tconstruct:ingot_sand_cast":4,"minecraft:oak_planks":13,"techreborn:treetap":3,"tconstruct:tool_binding":1,"minecraft:leather_chestplate":1,"farmersdelight:rice_panicle":7,"sniffer:sniffer_egg":1,"tconstruct:mighty_smelting":1,"create:gearbox":1,"minecraft:beetroot_seeds":5,"create:wrench":3,"minecraft:chainmail_boots":1,"minecraft:arrow":17,"minecraft:white_concrete_powder":8,"create:andesite_alloy":4,"minecraft:bread":12,"minecraft:iron_ingot":22,"minecraft:wheat_seeds":10,"minecraft:cobblestone":2412,"minecraft:book":1,"farmersdelight:smoked_ham":1,"minecraft:coal":9,"minecraft:golden_apple":1,"create:andesite_casing":1,"techreborn:rubber_log":11,"minecraft:diorite":128,"tconstruct:hand_axe":2,"techreborn:wrench":1,"mcdw:dagger_dagger":1,"techreborn:crude_storage_unit":6,"techreborn:rubber":27,"tconstruct:crafting_station":2,"minecraft:smooth_stone":542,"minecraft:chainmail_leggings":1,"minecraft:paper":12,"minecraft:bucket":6,"create:raw_zinc":3,"minecraft:redstone_block":5,"tconstruct:part_builder":2,"minecraft:bricks":32,"minecraft:furnace":2,"techreborn:sap":45,"minecraft:player_head":10,"create:shaft":2,"minecraft:raw_copper":31,"tconstruct:seared_bricks":4,"minecraft:bowl":1,"minecraft:raw_iron":33,"techreborn:storage_buffer":1,"minecraft:clay_ball":64,"farmersdelight:straw":3,"doodads:platform":32,"vinery:white_grape":3,"minecraft:cobblestone_slab":5,"minecraft:stone":1273,"minecraft:black_concrete_powder":8,"reinfchest:copper_chest":1,"minecraft:andesite":124,"chipped:white_concrete_1":10,"minecraft:oak_sapling":1,"tconstruct:seared_brick":30,"chipped:cobblestone_1":136,"vinery:red_grape":10,"vinery:grapevine_stem":16,"farmersdelight:tomato":3},"minecraft:killed_by":{"minecraft:player":3,"minecraft:enderman":1},"minecraft:picked_up":{"techreborn:raw_tin":11,"vinery:red_grape":11,"minecraft:wheat":7,"minecraft:chainmail_boots":1,"farmersdelight:rice_panicle":4,"create:wrench":3,"minecraft:potion":1,"techreborn:treetap":3,"tconstruct:hammer_head_cast":1,"minecraft:brewing_stand":1,"tconstruct:mighty_smelting":2,"minecraft:raw_copper":58,"minecraft:oak_sign":2,"minecraft:beetroot":4,"create:water_wheel":22,"minecraft:smooth_stone":1499,"minecraft:bucket":2,"minecraft:cobbled_deepslate":229,"techreborn:storage_buffer":1,"reinfchest:copper_chest":6,"minecraft:calcite":2,"techreborn:rubber_log":11,"minecraft:furnace":2,"minecraft:stick":11,"doodads:platform":24,"minecraft:torch":92,"create:andesite_casing":26,"tconstruct:seared_faucet":1,"minecraft:diorite":190,"create:large_cogwheel":5,"tconstruct:tool_binding":1,"chipped:stone_24":1,"minecraft:rotten_flesh":11,"create:asurine":3,"tconstruct:pickadze":1,"minecraft:cobblestone":3946,"tconstruct:seared_bricks":8,"minecraft:birch_log":11,"vinery:apple_mash":1,"minecraft:leather_chestplate":1,"farmersdelight:smoked_ham":1,"minecraft:water_bucket":3,"minecraft:andesite":424,"techreborn:wrench":2,"techreborn:tin_ingot":1,"tconstruct:pick_head":1,"minecraft:flint":11,"minecraft:tuff":52,"create:raw_zinc":24,"minecraft:dirt":408,"minecraft:lapis_lazuli":48,"farmersdelight:tomato":3,"createastral:andesite_compound":4,"minecraft:bone":10,"minecraft:wheat_seeds":18,"minecraft:raw_gold":8,"minecraft:grindstone":1,"create:goggles":1,"create:shaft":58,"minecraft:glowstone_dust":1,"chipped:stone_1":86,"minecraft:oak_planks":489,"tconstruct:ingot_sand_cast":1,"create:cogwheel":79,"vinery:white_grape":3,"minecraft:sand":7,"extractinator:silt":6,"minecraft:grass_block":3,"techreborn:rubber_sapling":2,"minecraft:black_concrete_powder":8,"minecraft:clay":9,"minecraft:diamond":1,"tconstruct:tinkers_chest":2,"minecraft:golden_apple":1,"ad_astra:moon_stone":15,"minecraft:oak_sapling":14,"vinery:wine_rack_2":1,"minecraft:crafting_table":2,"tconstruct:crafting_station":8,"minecraft:clay_ball":65,"camsbackpacks:white_backpack":1,"ad_astra:iron_sliding_door":2,"techreborn:crude_storage_unit":17,"chipped:barrel_6":1,"vinery:cherry_sapling":2,"chipped:cobblestone_1":253,"vinery:cherry":1,"minecraft:player_head":8,"minecraft:spruce_slab":4,"minecraft:sugar_cane":7,"minecraft:chest":2,"minecraft:birch_sapling":1,"minecraft:phantom_membrane":1,"chipped:mason_table":1,"minecraft:raw_iron":37,"minecraft:stone":1740,"minecraft:copper_ingot":131,"minecraft:note_block":1,"minecraft:gray_dye":12,"farmersdelight:tomato_seeds":1,"create:hand_crank":2,"minecraft:redstone":38,"create:vertical_gearbox":6,"minecraft:arrow":6,"minecraft:beetroot_seeds":11,"tconstruct:tinker_station":2,"minecraft:hay_block":12,"minecraft:brick_stairs":2,"tconstruct:puny_smelting":1,"minecraft:mutton":2,"minecraft:white_wool":2,"create:iron_sheet":18,"minecraft:glow_ink_sac":12,"tconstruct:part_builder":4,"minecraft:oak_log":188,"create:andesite_alloy":8,"minecraft:cobblestone_wall":2,"techreborn:sap":14,"tconstruct:seared_brick":4,"minecraft:cooked_mutton":2,"minecraft:apple":2,"farmersdelight:cooking_pot":1,"minecraft:iron_ingot":39,"chipped:stone_36":4,"minecraft:book":18,"minecraft:oak_slab":4,"minecraft:raw_iron_block":1,"minecraft:lava_bucket":1,"minecraft:gravel":104,"minecraft:amethyst_shard":8,"mcdw:sword_heartstealer":1,"create:gearbox":23,"minecraft:white_concrete_powder":8,"reinfchest:iron_chest":4,"minecraft:chainmail_leggings":1,"create:encased_fan":2,"minecraft:birch_sign":1,"tconstruct:pattern":1,"minecraft:damaged_anvil":1,"minecraft:coal":407}},"DataVersion":2975}