{"stats":{"minecraft:used":{"minecraft:peony":2,"minecraft:iron_shovel":1266,"minecraft:poppy":1,"farmersdelight:stove":7,"minecraft:chest":7,"vinery:grapevine_leaves":1,"minecraft:stone":1,"campanion:flare":1,"minecraft:player_head":4,"create:cogwheel":2,"vinery:stove":6,"minecraft:carrot":12,"create:depot":1,"vinery:wood_fired_oven":6,"cookingforblockheads:oven":1,"vinery:wine_bottle":4,"cookingforblockheads:fridge":1,"techreborn:crude_storage_unit":2,"minecraft:lava_bucket":2,"minecraft:bricks":37,"vinery:wine_box":4,"minecraft:item_frame":1,"farmersdelight:cutting_board":1,"create:shaft":11,"vinery:red_grapejuice_wine_bottle":3,"minecraft:furnace":4,"minecraft:oak_sapling":1,"minecraft:gray_bed":2,"mcdw:dagger_dagger":15,"sniffer:sniffer_egg":1,"minecraft:potato":4,"reinfchest:iron_chest":1,"tconstruct:travelers_helmet":1,"minecraft:oak_planks":63,"minecraft:composter":1,"createastral:copper_axe":200,"mcdw:staff_battlestaff":15,"minecraft:clay":4,"minecraft:golden_apple":1,"minecraft:loom":2,"create:gray_toolbox":15,"minecraft:crossbow":9,"minecraft:note_block":2,"minecraft:shears":12,"minecraft:cobbled_deepslate_stairs":40,"minecraft:bread":1,"minecraft:stone_button":7,"create:andesite_casing":1,"minecraft:iron_door":3,"create:basin":1,"minecraft:dark_oak_fence":1,"tconstruct:crafting_station":2,"createastral:copper_shovel":425,"minecraft:white_concrete":10,"create:large_cogwheel":1,"minecraft:experience_bottle":1,"cookingforblockheads:sink":1,"minecraft:oak_fence":42,"camsbackpacks:white_backpack":3,"chipped:white_concrete_18":10,"createastral:copper_hoe":212,"minecraft:dried_kelp":6,"reinfchest:copper_chest":6,"minecraft:torch":57,"createastral:copper_pickaxe":212,"minecraft:spyglass":24,"minecraft:dirt":650,"cookingforblockheads:counter":1,"create:polished_cut_asurine":43,"vinery:apple_mash":1,"vinery:wine_rack_2":6,"mcdw:spear_venom_glaive":240,"create:gearbox":4,"minecraft:oak_stairs":7,"minecraft:iron_axe":253,"minecraft:brick_stairs":4,"tconstruct:tinker_station":1,"vinery:grapevine_stem":12,"chipped:white_concrete_11":4,"minecraft:barrel":1,"cookingforblockheads:white_kitchen_floor":19,"chipped:white_concrete_1":11,"farmersdelight:cooking_pot":5,"tconstruct:part_builder":2,"minecraft:cooked_beef":6,"minecraft:cobbled_deepslate":178,"minecraft:pumpkin":13,"vinery:red_grape":10,"minecraft:water_bucket":7,"farmersdelight:skillet":5,"drinkbeer:empty_beer_mug":1,"chipped:barrel_31":3,"farmersdelight:onion":3,"create:encased_fan":3,"minecraft:crafting_table":5,"minecraft:red_bed":1,"minecraft:white_bed":3,"minecraft:cake":1,"minecraft:smoker":5,"farmersdelight:smoked_ham":1,"minecraft:oak_log":18,"chipped:white_concrete_21":20,"minecraft:apple":1,"minecraft:iron_pickaxe":1019,"vinery:fermentation_barrel":3,"vinery:noir_wine":1,"vinery:kitchen_sink":3,"minecraft:cobblestone":195,"farmersdelight:egg_sandwich":1,"minecraft:glass_pane":7,"minecraft:bucket":13,"farmersdelight:fruit_salad":1,"minecraft:smooth_stone":24},"minecraft:custom":{"lootr:looted_stat":5,"minecraft:interact_with_crafting_table":29,"minecraft:open_barrel":32,"minecraft:eat_cake_slice":3,"minecraft:leave_game":6,"minecraft:time_since_death":8956,"minecraft:sprint_one_cm":899473,"minecraft:drop":186,"minecraft:play_noteblock":1,"minecraft:play_time":378852,"minecraft:deaths":17,"minecraft:jump":2633,"minecraft:walk_on_water_one_cm":41425,"minecraft:interact_with_furnace":107,"minecraft:interact_with_loom":1,"minecraft:sleep_in_bed":2,"minecraft:damage_dealt":14314,"minecraft:player_kills":4,"minecraft:crouch_one_cm":7643,"minecraft:interact_with_smoker":4,"minecraft:interact_with_smithing_table":2,"minecraft:interact_with_anvil":1,"minecraft:mob_kills":75,"minecraft:walk_one_cm":1590724,"minecraft:sneak_time":3127,"minecraft:walk_under_water_one_cm":56198,"minecraft:total_world_time":378852,"minecraft:tune_noteblock":16,"minecraft:interact_with_grindstone":1,"minecraft:interact_with_stonecutter":1,"minecraft:open_copper_chest":144,"minecraft:time_since_rest":8981,"minecraft:damage_taken":5383,"minecraft:damage_absorbed":40,"minecraft:swim_one_cm":63839,"minecraft:fly_one_cm":317663,"minecraft:open_chest":46,"minecraft:open_iron_chest":123,"minecraft:fall_one_cm":88345},"minecraft:broken":{"createastral:copper_pickaxe":1,"minecraft:iron_shovel":5,"createastral:copper_hoe":1,"createastral:copper_shovel":2,"minecraft:iron_axe":1,"minecraft:iron_pickaxe":4},"minecraft:crafted":{"minecraft:brick":143,"minecraft:black_dye":3,"minecraft:oak_planks":348,"tconstruct:pick_head":3,"minecraft:stone":5,"tconstruct:tool_binding":3,"cookingforblockheads:fridge":1,"vinery:kitchen_sink":1,"minecraft:glass":15,"tconstruct:travelers_helmet":1,"cookingforblockheads:oven":1,"cookingforblockheads:recipe_book":1,"minecraft:chest":1,"minecraft:iron_door":3,"minecraft:bricks":29,"minecraft:stone_bricks":192,"minecraft:oak_fence":51,"minecraft:gray_bed":1,"tconstruct:small_blade":1,"create:depot":1,"minecraft:deepslate":1,"minecraft:crafting_table":4,"tconstruct:tool_handle":4,"minecraft:copper_ingot":83,"cookingforblockheads:counter":1,"minecraft:birch_planks":44,"minecraft:campfire":1,"minecraft:stick":140,"minecraft:iron_ingot":23,"minecraft:iron_pickaxe":3,"minecraft:gold_ingot":17,"chipped:white_concrete_21":1,"minecraft:shears":1,"tconstruct:travelers_boots":2,"tconstruct:travelers_chestplate":3,"tconstruct:pickaxe":3,"tconstruct:pattern":6,"tconstruct:part_builder":1,"minecraft:stone_button":2,"minecraft:furnace":1,"tconstruct:kama":1,"tconstruct:travelers_leggings":3,"chipped:white_concrete_11":1,"tconstruct:tinker_station":1,"minecraft:white_concrete_powder":8,"minecraft:leather":27,"minecraft:black_concrete_powder":8,"minecraft:iron_axe":1,"techreborn:tin_ingot":7,"farmersdelight:rice":3,"minecraft:cobbled_deepslate_stairs":24,"mcdw:staff_battlestaff":1,"vinery:noir_wine":1,"createastral:copper_shovel":2,"minecraft:air":0,"minecraft:black_stained_glass":8,"minecraft:white_dye":1,"cookingforblockheads:white_kitchen_floor":12,"tconstruct:crafting_station":1,"minecraft:oak_stairs":12,"createastral:copper_hoe":1,"minecraft:iron_shovel":3,"minecraft:torch":10,"cookingforblockheads:sink":1,"create:zinc_ingot":1,"minecraft:clay":20},"minecraft:killed":{"minecraft:spider":4,"naturalist:snail":3,"minecraft:skeleton":12,"minecraft:chicken":5,"minecraft:turtle":4,"minecraft:zombie_villager":2,"naturalist:firefly":3,"minecraft:iron_golem":1,"minecraft:creeper":1,"minecraft:sheep":4,"minecraft:pillager":10,"minecraft:zombie":21,"minecraft:phantom":2,"naturalist:cardinal":1,"minecraft:squid":1,"minecraft:player":4,"minecraft:enderman":1},"minecraft:mined":{"reinfchest:copper_chest":1,"minecraft:white_bed":4,"minecraft:oak_sapling":1,"minecraft:cobbled_deepslate_stairs":16,"tconstruct:tinker_station":1,"create:andesite_casing":1,"minecraft:cobblestone_stairs":5,"chipped:white_concrete_11":4,"minecraft:carved_pumpkin":1,"minecraft:granite":22,"minecraft:grass_block":1370,"vinery:wood_fired_oven":5,"minecraft:composter":2,"minecraft:tall_seagrass":2,"minecraft:fire":2,"sniffer:sniffer_egg":1,"minecraft:iron_ore":27,"minecraft:barrel":1,"minecraft:cobbled_deepslate":14,"minecraft:pumpkin":71,"vinery:fermentation_barrel":3,"create:asurine":40,"minecraft:oak_stairs":1,"create:cogwheel":2,"lootr:lootr_chest":1,"minecraft:player_wall_head":21,"minecraft:smoker":4,"minecraft:clay":84,"minecraft:torch":14,"minecraft:note_block":1,"minecraft:poppy":2,"minecraft:chest":7,"create:scoria":4,"farmersdelight:rice_crop":8,"minecraft:cobblestone":78,"minecraft:oak_planks":23,"minecraft:sugar_cane":2,"minecraft:bricks":5,"minecraft:iron_door":1,"minecraft:wall_torch":34,"vinery:red_grapejuice_wine_bottle":2,"minecraft:deepslate_copper_ore":8,"create:basin":1,"vinery:wine_rack_2":5,"chipped:white_concrete_18":10,"minecraft:birch_log":26,"farmersdelight:cutting_board":1,"minecraft:wheat":10,"minecraft:pumpkin_stem":7,"minecraft:grass":29,"minecraft:oak_log":167,"minecraft:beetroots":6,"minecraft:dirt":250,"minecraft:loom":2,"minecraft:sand":69,"tconstruct:crafting_station":3,"minecraft:oak_leaves":130,"minecraft:deepslate":3,"create:zinc_ore":29,"farmersdelight:wild_carrots":8,"minecraft:glow_lichen":2,"minecraft:dark_oak_fence":2,"minecraft:stone_button":3,"create:large_cogwheel":1,"vinery:grapevine_leaves":14,"minecraft:brick_stairs":1,"create:encased_fan":2,"vinery:stove":5,"farmersdelight:tomatoes":2,"chipped:white_concrete_21":10,"create:shaft":8,"minecraft:furnace":4,"create:polished_cut_asurine":5,"minecraft:peony":2,"minecraft:deepslate_iron_ore":1,"cookingforblockheads:white_kitchen_floor":3,"vinery:grapevine_stem":12,"minecraft:stone":818,"farmersdelight:cooking_pot":4,"minecraft:oak_slab":3,"minecraft:glass_pane":7,"vinery:wine_box":6,"campanion:flare_block":1,"minecraft:lily_of_the_valley":13,"camsbackpacks:white_backpack":3,"minecraft:oak_fence":5,"minecraft:crafting_table":2,"chipped:white_concrete_1":11,"minecraft:campfire":2,"minecraft:copper_ore":21,"minecraft:diorite":1,"techreborn:tin_ore":54,"vinery:kitchen_sink":2,"farmersdelight:skillet":4,"create:gearbox":4,"minecraft:gray_bed":1,"minecraft:birch_leaves":48,"farmersdelight:rice_upper_crop":6,"minecraft:coal_ore":87,"vinery:wine_bottle":4,"minecraft:gravel":38,"farmersdelight:stove":6,"create:andesite_encased_shaft":1,"techreborn:rubber_log":14,"packages:package_maker":1},"minecraft:dropped":{"minecraft:clay":48,"minecraft:crafting_table":1,"minecraft:crossbow":1,"mcdw:staff_battlestaff":1,"vinery:white_grape_seeds":1,"farmersdelight:rice":1,"minecraft:dirt":294,"tconstruct:tinker_station":1,"createastral:orcane":1,"minecraft:dark_oak_log":2,"minecraft:seagrass":6,"vinery:grapevine_leaves":22,"create:goggles":1,"farmersdelight:egg_sandwich":1,"ftbquests:book":1,"tconstruct:pattern":4,"tconstruct:pickaxe":4,"minecraft:cobbled_deepslate":4,"minecraft:wheat":3,"vinery:cherry_sapling":1,"farmersdelight:vegetable_noodles":1,"minecraft:poppy":2,"minecraft:leather_chestplate":1,"tconstruct:kama":1,"create:encased_fan":2,"minecraft:charcoal":2,"minecraft:beetroot_seeds":6,"minecraft:arrow":10,"minecraft:white_concrete_powder":16,"farmersdelight:tomato_seeds":1,"minecraft:iron_ingot":1,"minecraft:water_bucket":2,"minecraft:black_dye":1,"minecraft:wheat_seeds":8,"minecraft:cobbled_deepslate_stairs":1,"minecraft:oak_fence":1,"minecraft:cobblestone":97,"minecraft:copper_ingot":1,"minecraft:stick":2,"minecraft:lava_bucket":1,"minecraft:diorite":2,"mcdw:dagger_dagger":1,"techreborn:crude_storage_unit":3,"tconstruct:crafting_station":3,"minecraft:iron_door":1,"minecraft:pumpkin":11,"minecraft:smooth_stone":221,"minecraft:music_disc_cat":1,"minecraft:bucket":1,"minecraft:player_head":44,"minecraft:deepslate":1,"createastral:copper_axe":1,"techreborn:storage_buffer":1,"minecraft:glass_pane":14,"minecraft:stone":40,"minecraft:black_concrete_powder":16,"vinery:wine_rack_2":1,"minecraft:oak_sapling":3,"farmersdelight:stove":1,"chipped:cobblestone_1":64,"vinery:red_grape":2,"minecraft:bow":1,"minecraft:black_wool":1,"minecraft:brick":2},"minecraft:killed_by":{"minecraft:pillager":1,"minecraft:zombie":1,"minecraft:player":5,"minecraft:enderman":1,"minecraft:skeleton":1},"minecraft:picked_up":{"techreborn:raw_tin":52,"minecraft:seagrass":6,"minecraft:wheat":9,"vinery:red_grape":16,"farmersdelight:rice_panicle":11,"vinery:red_grape_seeds":2,"minecraft:oak_stairs":1,"farmersdelight:cutting_board":1,"chipped:white_concrete_21":10,"minecraft:string":14,"minecraft:raw_copper":98,"minecraft:beetroot":6,"minecraft:smooth_stone":245,"minecraft:cobbled_deepslate":500,"farmersdelight:vegetable_noodles":1,"minecraft:bucket":5,"techreborn:storage_buffer":1,"reinfchest:copper_chest":1,"minecraft:red_dye":1,"techreborn:rubber_log":14,"minecraft:furnace":4,"minecraft:stick":28,"vinery:noir_wine":1,"farmersdelight:rotten_tomato":1,"minecraft:composter":2,"minecraft:oak_fence":5,"minecraft:torch":51,"create:andesite_casing":1,"minecraft:diorite":3,"create:large_cogwheel":1,"tconstruct:tool_binding":1,"minecraft:rotten_flesh":27,"create:scoria":4,"create:asurine":38,"minecraft:cobblestone":1073,"minecraft:birch_log":26,"minecraft:feather":12,"minecraft:cooked_beef":4,"farmersdelight:rice":9,"minecraft:iron_door":2,"minecraft:andesite":372,"techreborn:wrench":1,"minecraft:smoker":4,"techreborn:tin_ingot":7,"minecraft:flint":4,"create:raw_zinc":29,"farmersdelight:tomato":4,"minecraft:dirt":1798,"minecraft:bone":12,"minecraft:bow":1,"minecraft:wheat_seeds":34,"ftbquests:book":1,"create:goggles":2,"vinery:grapevine_stem":12,"create:shaft":9,"farmersdelight:egg_sandwich":2,"naturalist:snail_shell":3,"minecraft:oak_planks":190,"minecraft:music_disc_13":1,"vinery:white_grape":3,"minecraft:sand":79,"minecraft:ink_sac":3,"minecraft:loom":2,"minecraft:lily_of_the_valley":13,"minecraft:dark_oak_log":2,"techreborn:rubber_sapling":1,"minecraft:barrel":1,"chipped:white_concrete_18":10,"minecraft:black_concrete_powder":8,"minecraft:clay":32,"vinery:grapevine_leaves":23,"minecraft:black_concrete":8,"vinery:wood_fired_oven":5,"minecraft:crossbow":1,"minecraft:granite":22,"minecraft:white_concrete":8,"ad_astra:moon_stone":17,"minecraft:oak_sapling":38,"minecraft:bricks":65,"minecraft:dark_oak_fence":1,"vinery:wine_rack_2":6,"minecraft:charcoal":7,"tconstruct:crafting_station":3,"minecraft:crafting_table":2,"minecraft:chicken":6,"minecraft:clay_ball":712,"camsbackpacks:white_backpack":3,"techreborn:crude_storage_unit":1,"vinery:cherry_sapling":1,"chipped:cobblestone_1":64,"chipped:white_concrete_11":4,"minecraft:player_head":34,"create:basin":1,"minecraft:poppy":3,"minecraft:sugar_cane":2,"minecraft:chest":8,"minecraft:birch_sapling":2,"minecraft:phantom_membrane":2,"minecraft:raw_iron":29,"minecraft:stone":236,"tconstruct:pickaxe":2,"minecraft:note_block":1,"farmersdelight:tomato_seeds":2,"minecraft:cake":1,"minecraft:stone_button":5,"minecraft:carrot":8,"create:vertical_gearbox":2,"create:polished_cut_asurine":5,"minecraft:arrow":21,"minecraft:beetroot_seeds":18,"minecraft:peony":2,"tconstruct:tinker_station":1,"vinery:white_grape_seeds":1,"chipped:white_concrete_1":21,"minecraft:brick_stairs":1,"minecraft:mutton":6,"minecraft:white_wool":3,"create:iron_sheet":1,"vinery:stove":5,"minecraft:oak_log":231,"create:andesite_alloy":9,"minecraft:cobbled_deepslate_stairs":15,"minecraft:cobblestone_stairs":4,"farmersdelight:skillet":4,"naturalist:glow_goop":1,"vinery:wine_bottle":10,"minecraft:apple":2,"farmersdelight:cooking_pot":4,"minecraft:iron_ingot":8,"mcdw:dagger_dagger":1,"vinery:wine_box":6,"minecraft:gray_bed":1,"minecraft:oak_slab":3,"minecraft:pumpkin":67,"minecraft:dripstone_block":21,"vinery:fermentation_barrel":3,"minecraft:gravel":54,"minecraft:white_bed":4,"minecraft:spider_eye":2,"create:gearbox":2,"vinery:red_grapejuice_wine_bottle":3,"cookingforblockheads:white_kitchen_floor":3,"minecraft:pumpkin_seeds":10,"minecraft:white_concrete_powder":8,"create:encased_fan":2,"vinery:kitchen_sink":2,"minecraft:terracotta":16,"tconstruct:pattern":4,"minecraft:black_wool":2,"farmersdelight:stove":7,"minecraft:coal":94,"minecraft:ender_pearl":1}},"DataVersion":2975}