{"stats":{"minecraft:used":{"minecraft:crafting_table":1,"tconstruct:crafting_station":1,"tconstruct:part_builder":1,"mcdw:staff_battlestaff":1},"minecraft:mined":{"minecraft:oak_log":12,"minecraft:stone":4},"minecraft:crafted":{"tconstruct:tinker_station":1,"tconstruct:pickaxe":2,"tconstruct:pattern":6,"tconstruct:tool_handle":2,"minecraft:oak_planks":24,"tconstruct:pick_head":2,"tconstruct:tool_binding":1,"tconstruct:part_builder":1,"mcdw:staff_battlestaff":1,"minecraft:crafting_table":1,"tconstruct:crafting_station":1,"minecraft:stick":12,"minecraft:air":0},"minecraft:picked_up":{"tconstruct:tool_binding":1,"ftbquests:book":1,"minecraft:oak_log":13,"tconstruct:pattern":3,"minecraft:cobblestone":4},"minecraft:custom":{"minecraft:time_since_rest":14176,"minecraft:damage_taken":32,"minecraft:play_time":14176,"minecraft:sprint_one_cm":12936,"minecraft:walk_one_cm":18992,"minecraft:walk_under_water_one_cm":1818,"minecraft:drop":6,"minecraft:jump":89,"minecraft:damage_dealt":34,"minecraft:time_since_death":14176,"minecraft:walk_on_water_one_cm":682,"minecraft:total_world_time":14176,"minecraft:swim_one_cm":15860,"minecraft:interact_with_crafting_table":5,"minecraft:fall_one_cm":2266,"minecraft:fly_one_cm":7199},"minecraft:dropped":{"tconstruct:pattern":3,"tconstruct:pickaxe":1,"ftbquests:book":1,"minecraft:stick":1}},"DataVersion":2975}