{"stats":{"minecraft:used":{"tconstruct:tinker_station":1,"minecraft:crafting_table":2,"tconstruct:part_builder":1},"minecraft:mined":{"tconstruct:part_builder":1,"minecraft:crafting_table":2,"minecraft:coal_ore":21,"minecraft:oak_log":10,"minecraft:stone":13,"techreborn:tin_ore":16},"minecraft:crafted":{"tconstruct:pattern":3,"tconstruct:pickaxe":1,"minecraft:oak_planks":12,"minecraft:crafting_table":1,"minecraft:stick":8,"tconstruct:round_plate":1,"tconstruct:tool_handle":2,"tconstruct:small_axe_head":1,"tconstruct:pick_head":2,"tconstruct:tool_binding":2,"tconstruct:mattock":1,"minecraft:air":0},"minecraft:picked_up":{"techreborn:raw_tin":16,"minecraft:crafting_table":2,"tconstruct:part_builder":1,"mcdw:staff_battlestaff":1,"tconstruct:pickaxe":1,"minecraft:oak_log":10,"tconstruct:tinker_station":1,"tconstruct:pattern":3,"minecraft:coal":21,"minecraft:cobblestone":23},"minecraft:custom":{"minecraft:time_since_rest":15835,"minecraft:damage_taken":110,"minecraft:sprint_one_cm":18954,"minecraft:walk_one_cm":38792,"minecraft:drop":9,"minecraft:swim_one_cm":6829,"minecraft:interact_with_crafting_table":8,"minecraft:fly_one_cm":11721,"minecraft:crouch_one_cm":9,"minecraft:play_time":15835,"minecraft:sneak_time":175,"minecraft:walk_under_water_one_cm":2067,"minecraft:jump":91,"minecraft:leave_game":1,"minecraft:walk_on_water_one_cm":1107,"minecraft:time_since_death":15835,"minecraft:total_world_time":15835,"minecraft:fall_one_cm":2285},"minecraft:dropped":{"tconstruct:pattern":3,"tconstruct:pickaxe":1,"tconstruct:pick_head":1,"tconstruct:tinker_station":1,"tconstruct:mattock":1,"tconstruct:tool_binding":1,"tconstruct:part_builder":1}},"DataVersion":2975}