{"stats":{"minecraft:mined":{"tconstruct:tinker_station":1,"minecraft:lily_of_the_valley":1,"minecraft:crafting_table":1,"minecraft:grass_block":5,"minecraft:oak_log":36,"minecraft:rose_bush":1,"minecraft:dirt":7,"tconstruct:crafting_station":1,"minecraft:stone":27,"minecraft:oak_leaves":3},"minecraft:used":{"minecraft:rose_bush":1,"minecraft:apple":2,"tconstruct:tinker_station":1,"mcdw:staff_battlestaff":7,"minecraft:dirt":5,"minecraft:lily_of_the_valley":1,"minecraft:crafting_table":1,"tconstruct:crafting_station":1,"tconstruct:part_builder":1},"minecraft:crafted":{"tconstruct:pickaxe":1,"tconstruct:pattern":3,"minecraft:oak_planks":24,"minecraft:stick":4,"tconstruct:tool_handle":1,"tconstruct:pick_head":1,"tconstruct:tool_binding":1},"minecraft:picked_up":{"minecraft:crafting_table":1,"tconstruct:crafting_station":1,"tconstruct:part_builder":1,"mcdw:staff_battlestaff":1,"tconstruct:pickaxe":1,"minecraft:oak_log":35,"minecraft:lily_of_the_valley":1,"minecraft:dirt":12,"minecraft:bone":2,"minecraft:apple":3,"tconstruct:tinker_station":1,"minecraft:rose_bush":1,"tconstruct:mattock":1,"tconstruct:pattern":3,"minecraft:oak_sapling":3,"minecraft:cobblestone":27},"minecraft:custom":{"minecraft:time_since_rest":17160,"minecraft:sprint_one_cm":8784,"minecraft:walk_one_cm":73892,"minecraft:damage_taken":274,"minecraft:mob_kills":1,"minecraft:drop":4,"minecraft:damage_dealt":242,"minecraft:swim_one_cm":8253,"minecraft:interact_with_crafting_table":1,"minecraft:fly_one_cm":8495,"minecraft:crouch_one_cm":1211,"minecraft:play_time":17160,"minecraft:sneak_time":327,"minecraft:walk_under_water_one_cm":2101,"minecraft:jump":180,"minecraft:eat_cake_slice":3,"minecraft:leave_game":1,"minecraft:time_since_death":17160,"minecraft:walk_on_water_one_cm":142,"minecraft:total_world_time":17160,"minecraft:fall_one_cm":3072},"minecraft:killed":{"minecraft:skeleton":1},"minecraft:dropped":{"tconstruct:pattern":3,"tconstruct:pickaxe":1,"minecraft:cobblestone":10,"ftbquests:book":1}},"DataVersion":2975}