{
  "another_furniture:recipes/another_furniture/oak_drawer": {
    "criteria": {
      "has_planks": "2023-06-08 23:50:26 -0300"
    },
    "done": true
  },
  "techreborn:recipes/grinder/saw_small_dust_from_planks": {
    "criteria": {
      "has_tag_minecraft_planks": "2023-06-08 23:50:00 -0300"
    },
    "done": true
  },
  "mcdw:recipes/hammers/hammer_gravity": {
    "criteria": {
      "has_stick": "2023-06-08 23:50:26 -0300"
    },
    "done": true
  },
  "mcdw:recipes/spears/spear_glaive": {
    "criteria": {
      "has_stick": "2023-06-08 23:50:26 -0300"
    },
    "done": true
  },
  "minecraft:recipes/tools/wooden_axe": {
    "criteria": {
      "has_stick": "2023-06-08 23:50:26 -0300"
    },
    "done": true
  },
  "minecraft:recipes/redstone/lever": {
    "criteria": {
      "has_cobblestone": "2023-06-08 23:57:43 -0300"
    },
    "done": true
  },
  "minecraft:recipes/building_blocks/cobblestone_stairs_from_cobblestone_stonecutting": {
    "criteria": {
      "has_cobblestone": "2023-06-08 23:57:44 -0300"
    },
    "done": true
  },
  "another_furniture:recipes/another_furniture/birch_drawer": {
    "criteria": {
      "has_planks": "2023-06-08 23:50:26 -0300"
    },
    "done": true
  },
  "campanion:recipes/decorations/leather_tanner": {
    "criteria": {
      "has_stick": "2023-06-08 23:50:26 -0300"
    },
    "done": true
  },
  "tconstruct:tools/materials_and_you": {
    "criteria": {
      "crafted_book": "2023-06-08 23:54:00 -0300"
    },
    "done": true
  },
  "mcdw:recipes/sickles/sickle_last_laugh_gold": {
    "criteria": {
      "has_stick": "2023-06-08 23:50:26 -0300"
    },
    "done": true
  },
  "techreborn:recipes/chemical_reactor/nitro_diesel": {
    "criteria": {
      "has_diesel": "2023-06-08 23:48:11 -0300",
      "has_glyceryl": "2023-06-08 23:48:11 -0300"
    },
    "done": true
  },
  "mcdw:recipes/crossbows/crossbow_scatter": {
    "criteria": {
      "has_oak_planks": "2023-06-08 23:50:00 -0300"
    },
    "done": true
  },
  "vinery:grapevine_stem": {
    "criteria": {
      "has_oak_log": "2023-06-08 23:49:38 -0300"
    },
    "done": true
  },
  "mcdw:recipes/shortbows/bow_shortbow": {
    "criteria": {
      "has_stick": "2023-06-08 23:50:26 -0300"
    },
    "done": true
  },
  "mcdw:recipes/glaives/spear_glaive": {
    "criteria": {
      "has_stick": "2023-06-08 23:50:26 -0300",
      "has_the_recipe": "2023-06-08 23:50:26 -0300"
    },
    "done": true
  },
  "tconstruct:recipes/tconstruct/general/tables/tinkers_chest": {
    "criteria": {
      "has_item": "2023-06-08 23:50:27 -0300"
    },
    "done": true
  },
  "tconstruct:tools/tinker_station": {
    "criteria": {
      "crafted_block": "2023-06-08 23:54:16 -0300"
    },
    "done": true
  },
  "techreborn:recipes/chemical_reactor/nitrocoal_fuel": {
    "criteria": {
      "has_glyceryl": "2023-06-08 23:48:11 -0300"
    },
    "done": true
  },
  "another_furniture:recipes/another_furniture/dark_oak_drawer": {
    "criteria": {
      "has_planks": "2023-06-08 23:50:26 -0300"
    },
    "done": true
  },
  "vinery:stackable_log": {
    "criteria": {
      "has_oak_log": "2023-06-08 23:49:38 -0300"
    },
    "done": true
  },
  "minecraft:recipes/decorations/crafting_table": {
    "criteria": {
      "has_planks": "2023-06-08 23:50:00 -0300"
    },
    "done": true
  },
  "minecraft:recipes/decorations/campfire": {
    "criteria": {
      "has_stick": "2023-06-08 23:50:26 -0300"
    },
    "done": true
  },
  "tconstruct:world/tinkers_gadgetry": {
    "criteria": {
      "crafted_book": "2023-06-08 23:59:11 -0300"
    },
    "done": true
  },
  "techreborn:recipes/chemical_reactor/water": {
    "criteria": {
      "has_hydrogen": "2023-06-08 23:48:11 -0300",
      "has_compressed_air": "2023-06-08 23:48:11 -0300"
    },
    "done": true
  },
  "techreborn:recipes/fusion_reactor/helium_plasma": {
    "criteria": {
      "has_helium3": "2023-06-08 23:48:11 -0300",
      "has_deuterium": "2023-06-08 23:48:11 -0300"
    },
    "done": true
  },
  "mcdw:recipes/swords/sword_freezing_foil": {
    "criteria": {
      "has_stick": "2023-06-08 23:50:26 -0300"
    },
    "done": true
  },
  "vinery:cherry_fence": {
    "criteria": {
      "has_stick": "2023-06-08 23:50:26 -0300"
    },
    "done": true
  },
  "another_furniture:recipes/another_furniture/jungle_drawer": {
    "criteria": {
      "has_planks": "2023-06-08 23:50:26 -0300"
    },
    "done": true
  },
  "minecraft:recipes/decorations/ladder": {
    "criteria": {
      "has_stick": "2023-06-08 23:50:26 -0300"
    },
    "done": true
  },
  "techreborn:recipes/fusion_reactor/helium3": {
    "criteria": {
      "has_tritium": "2023-06-08 23:48:11 -0300",
      "has_deuterium": "2023-06-08 23:48:11 -0300"
    },
    "done": true
  },
  "minecraft:recipes/decorations/chest": {
    "criteria": {
      "has_lots_of_items": "2023-06-08 23:55:09 -0300"
    },
    "done": true
  },
  "mcdw:recipes/bows/bow_trickbow": {
    "criteria": {
      "has_stick": "2023-06-08 23:50:26 -0300"
    },
    "done": true
  },
  "mcdw:recipes/double_axes/axe_cursed": {
    "criteria": {
      "has_stick": "2023-06-08 23:50:26 -0300"
    },
    "done": true
  },
  "minecraft:recipes/decorations/black_bed_from_white_bed": {
    "criteria": {
      "has_bed": "2023-06-08 23:51:36 -0300"
    },
    "done": true
  },
  "techreborn:recipes/compressor/wood_plate": {
    "criteria": {
      "has_planks": "2023-06-08 23:50:00 -0300"
    },
    "done": true
  },
  "techreborn:recipes/assembling_machine/lantern": {
    "criteria": {
      "has_torch": "2023-06-08 23:51:37 -0300"
    },
    "done": true
  },
  "tconstruct:recipes/tconstruct/general/tables/crafting_station": {
    "criteria": {
      "has_item": "2023-06-08 23:50:27 -0300"
    },
    "done": true
  },
  "minecraft:recipes/tools/wooden_shovel": {
    "criteria": {
      "has_stick": "2023-06-08 23:50:26 -0300"
    },
    "done": true
  },
  "mcdw:recipes/staves/staff_growing_staff": {
    "criteria": {
      "has_base": "2023-06-08 23:52:57 -0300"
    },
    "done": true
  },
  "mcdw:recipes/axes/axe_highland": {
    "criteria": {
      "has_stick": "2023-06-08 23:50:26 -0300"
    },
    "done": true
  },
  "mcdw:recipes/swords/sword_nameless_blade": {
    "criteria": {
      "has_stick": "2023-06-08 23:50:26 -0300"
    },
    "done": true
  },
  "mcdw:recipes/double_axes/axe_double": {
    "criteria": {
      "has_stick": "2023-06-08 23:50:26 -0300"
    },
    "done": true
  },
  "tconstruct:recipes/tconstruct/general/tables/part_chest": {
    "criteria": {
      "has_item": "2023-06-08 23:50:27 -0300"
    },
    "done": true
  },
  "explorerscompass:explorers_compass_cobweb": {
    "criteria": {
      "has_cobweb": "2023-06-08 23:48:11 -0300"
    },
    "done": true
  },
  "minecraft:recipes/misc/stick": {
    "criteria": {
      "has_planks": "2023-06-08 23:50:00 -0300"
    },
    "done": true
  },
  "mcdw:recipes/double_axes/axe_whirlwind": {
    "criteria": {
      "has_stick": "2023-06-08 23:50:26 -0300"
    },
    "done": true
  },
  "techreborn:recipes/chemical_reactor/nitrofuel": {
    "criteria": {
      "has_oil": "2023-06-08 23:48:11 -0300",
      "has_nitrogen": "2023-06-08 23:48:11 -0300"
    },
    "done": true
  },
  "campanion:recipes/misc/wooden_rod": {
    "criteria": {
      "has_stick": "2023-06-08 23:50:26 -0300"
    },
    "done": true
  },
  "techreborn:recipes/chemical_reactor/nitrogen_dioxide": {
    "criteria": {
      "has_nitrogen": "2023-06-08 23:48:11 -0300"
    },
    "done": true
  },
  "campanion:recipes/misc/skipping_stone": {
    "criteria": {
      "has_cobblestone": "2023-06-08 23:57:43 -0300"
    },
    "done": true
  },
  "minecraft:recipes/transportation/spruce_boat": {
    "criteria": {
      "in_water": "2023-06-08 23:49:10 -0300"
    },
    "done": true
  },
  "mcdw:recipes/shields/shield_vanguard": {
    "criteria": {
      "has_planks": "2023-06-08 23:50:00 -0300"
    },
    "done": true
  },
  "create:recipes/create.palettes/oak_window": {
    "criteria": {
      "has_ingredient": "2023-06-08 23:50:00 -0300"
    },
    "done": true
  },
  "minecraft:recipes/combat/wooden_sword": {
    "criteria": {
      "has_stick": "2023-06-08 23:50:26 -0300"
    },
    "done": true
  },
  "minecraft:recipes/tools/stone_shovel": {
    "criteria": {
      "has_cobblestone": "2023-06-08 23:57:43 -0300"
    },
    "done": true
  },
  "minecraft:recipes/building_blocks/oak_planks": {
    "criteria": {
      "has_logs": "2023-06-08 23:49:38 -0300"
    },
    "done": true
  },
  "tconstruct:recipes/misc/tables/book_substitute": {
    "criteria": {
      "has_item": "2023-06-08 23:50:27 -0300"
    },
    "done": true
  },
  "techreborn:recipes/centrifuge/calcium_carbonate_cell": {
    "criteria": {
      "has_calcium_carbonate": "2023-06-08 23:48:11 -0300"
    },
    "done": true
  },
  "techreborn:recipes/vacuum_freezer/helium": {
    "criteria": {
      "has_heliumplasma": "2023-06-08 23:48:11 -0300"
    },
    "done": true
  },
  "mcdw:recipes/bows/bow_power_bow": {
    "criteria": {
      "has_stick": "2023-06-08 23:50:26 -0300"
    },
    "done": true
  },
  "techreborn:recipes/centrifuge/hydrogen_cell": {
    "criteria": {
      "has_hydrogen": "2023-06-08 23:48:11 -0300"
    },
    "done": true
  },
  "techreborn:recipes/centrifuge/helium_cell": {
    "criteria": {
      "has_helium": "2023-06-08 23:48:11 -0300"
    },
    "done": true
  },
  "tconstruct:recipes/tconstruct/general/tables/crafting_station_from_logs": {
    "criteria": {
      "has_item": "2023-06-08 23:50:27 -0300"
    },
    "done": true
  },
  "minecraft:recipes/tools/wooden_hoe": {
    "criteria": {
      "has_stick": "2023-06-08 23:50:26 -0300"
    },
    "done": true
  },
  "mcdw:recipes/whips/whip_whip": {
    "criteria": {
      "has_stick": "2023-06-08 23:50:26 -0300"
    },
    "done": true
  },
  "techreborn:recipes/fusion_reactor/iridium_ore": {
    "criteria": {
      "has_lithium": "2023-06-08 23:48:11 -0300",
      "has_wolframium": "2023-06-08 23:48:11 -0300"
    },
    "done": true
  },
  "minecraft:recipes/building_blocks/cobblestone_slab": {
    "criteria": {
      "has_cobblestone": "2023-06-08 23:57:43 -0300"
    },
    "done": true
  },
  "techreborn:recipes/blast_furnace/blackstone": {
    "criteria": {
      "has_cobblestone": "2023-06-08 23:57:43 -0300"
    },
    "done": true
  },
  "minecraft:recipes/redstone/oak_pressure_plate": {
    "criteria": {
      "has_planks": "2023-06-08 23:50:00 -0300"
    },
    "done": true
  },
  "minecraft:recipes/building_blocks/cobblestone_stairs": {
    "criteria": {
      "has_cobblestone": "2023-06-08 23:57:44 -0300"
    },
    "done": true
  },
  "mcdw:recipes/crossbows/crossbow_dual": {
    "criteria": {
      "has_stick": "2023-06-08 23:50:26 -0300"
    },
    "done": true
  },
  "minecraft:recipes/decorations/yellow_bed_from_white_bed": {
    "criteria": {
      "has_bed": "2023-06-08 23:51:36 -0300"
    },
    "done": true
  },
  "techreborn:recipes/crafting_table/tool/treetap": {
    "criteria": {
      "has_planks": "2023-06-08 23:50:00 -0300"
    },
    "done": true
  },
  "techreborn:recipes/crafting_table/parts/wood_plate": {
    "criteria": {
      "has_planks": "2023-06-08 23:50:00 -0300"
    },
    "done": true
  },
  "mcdw:recipes/hammers/hammer_stormlander": {
    "criteria": {
      "has_stick": "2023-06-08 23:50:26 -0300"
    },
    "done": true
  },
  "minecraft:recipes/building_blocks/oak_wood": {
    "criteria": {
      "has_log": "2023-06-08 23:49:38 -0300"
    },
    "done": true
  },
  "minecraft:story/root": {
    "criteria": {
      "crafting_table": "2023-06-08 23:51:30 -0300"
    },
    "done": true
  },
  "techreborn:recipes/compressor/compressed_plantball_from_melon_slices": {
    "criteria": {
      "has_melon_slice": "2023-06-08 23:48:11 -0300"
    },
    "done": true
  },
  "techreborn:recipes/extractor/string_from_bed": {
    "criteria": {
      "has_bed": "2023-06-08 23:51:36 -0300"
    },
    "done": true
  },
  "minecraft:recipes/combat/crossbow": {
    "criteria": {
      "has_stick": "2023-06-08 23:50:26 -0300"
    },
    "done": true
  },
  "mcdw:recipes/swords/sword_dancers_sword": {
    "criteria": {
      "has_stick": "2023-06-08 23:50:26 -0300"
    },
    "done": true
  },
  "minecraft:recipes/decorations/oak_sign": {
    "criteria": {
      "has_planks": "2023-06-08 23:50:00 -0300"
    },
    "done": true
  },
  "minecraft:recipes/redstone/oak_trapdoor": {
    "criteria": {
      "has_planks": "2023-06-08 23:50:00 -0300"
    },
    "done": true
  },
  "tconstruct:tools/part_builder": {
    "criteria": {
      "crafted_block": "2023-06-08 23:55:09 -0300"
    },
    "done": true
  },
  "techreborn:recipes/distillation_tower/diesel": {
    "criteria": {
      "has_oil": "2023-06-08 23:48:11 -0300"
    },
    "done": true
  },
  "techreborn:recipes/blast_furnace/titanium_ingot": {
    "criteria": {
      "has_titanium_dust": "2023-06-08 23:48:11 -0300"
    },
    "done": true
  },
  "mcdw:recipes/swords/sword_rapier": {
    "criteria": {
      "has_stick": "2023-06-08 23:50:26 -0300"
    },
    "done": true
  },
  "mcdw:recipes/bows/bow_web_bow": {
    "criteria": {
      "has_stick": "2023-06-08 23:50:26 -0300"
    },
    "done": true
  },
  "minecraft:recipes/decorations/light_blue_bed_from_white_bed": {
    "criteria": {
      "has_bed": "2023-06-08 23:51:36 -0300"
    },
    "done": true
  },
  "minecraft:recipes/redstone/oak_fence_gate": {
    "criteria": {
      "has_planks": "2023-06-08 23:50:00 -0300"
    },
    "done": true
  },
  "explorerscompass:explorers_compass_cracked_stone_bricks": {
    "criteria": {
      "has_cracked_stone_bricks": "2023-06-08 23:48:11 -0300"
    },
    "done": true
  },
  "create:recipes/create.base/crafting/appliances/crafting_blueprint": {
    "criteria": {
      "has_item": "2023-06-08 23:51:30 -0300"
    },
    "done": true
  },
  "lootr:root": {
    "criteria": {
      "always_true": "2023-06-08 23:48:11 -0300"
    },
    "done": true
  },
  "minecraft:recipes/decorations/magenta_bed_from_white_bed": {
    "criteria": {
      "has_bed": "2023-06-08 23:51:36 -0300"
    },
    "done": true
  },
  "mcdw:recipes/swords/sword_beestinger": {
    "criteria": {
      "has_stick": "2023-06-08 23:50:26 -0300"
    },
    "done": true
  },
  "minecraft:recipes/redstone/oak_button": {
    "criteria": {
      "has_planks": "2023-06-08 23:50:00 -0300"
    },
    "done": true
  },
  "minecraft:recipes/decorations/orange_bed_from_white_bed": {
    "criteria": {
      "has_bed": "2023-06-08 23:51:36 -0300"
    },
    "done": true
  },
  "techreborn:recipes/chemical_reactor/calcium_carbonate": {
    "criteria": {
      "has_carbon": "2023-06-08 23:48:11 -0300",
      "has_calcium": "2023-06-08 23:48:11 -0300"
    },
    "done": true
  },
  "mcdw:recipes/swords/sword_cutlass": {
    "criteria": {
      "has_stick": "2023-06-08 23:50:26 -0300"
    },
    "done": true
  },
  "farmersdelight:recipes/farmersdelight/flint_knife": {
    "criteria": {
      "has_stick": "2023-06-08 23:50:26 -0300"
    },
    "done": true
  },
  "mcdw:recipes/swords/sword_katana": {
    "criteria": {
      "has_stick": "2023-06-08 23:50:26 -0300"
    },
    "done": true
  },
  "minecraft:story/mine_stone": {
    "criteria": {
      "get_stone": "2023-06-08 23:57:43 -0300"
    },
    "done": true
  },
  "minecraft:recipes/building_blocks/stone": {
    "criteria": {
      "has_cobblestone": "2023-06-08 23:57:43 -0300"
    },
    "done": true
  },
  "mcdw:recipes/sickles/sickle_jailors_scythe": {
    "criteria": {
      "has_stick": "2023-06-08 23:50:26 -0300"
    },
    "done": true
  },
  "techreborn:recipes/centrifuge/sulfur_cell": {
    "criteria": {
      "has_sulfur": "2023-06-08 23:48:11 -0300"
    },
    "done": true
  },
  "mcdw:recipes/longbows/bow_longbow": {
    "criteria": {
      "has_stick": "2023-06-08 23:50:26 -0300"
    },
    "done": true
  },
  "minecraft:recipes/decorations/furnace": {
    "criteria": {
      "has_cobblestone": "2023-06-08 23:57:43 -0300"
    },
    "done": true
  },
  "tconstruct:recipes/tconstruct/general/common/materials_and_you": {
    "criteria": {
      "has_item": "2023-06-08 23:50:27 -0300"
    },
    "done": true
  },
  "campanion:recipes/combat/stone_spear": {
    "criteria": {
      "has_stone": "2023-06-08 23:57:43 -0300"
    },
    "done": true
  },
  "techreborn:recipes/chemical_reactor/methane": {
    "criteria": {
      "has_hydrogen": "2023-06-08 23:48:11 -0300",
      "has_carbon": "2023-06-08 23:48:11 -0300"
    },
    "done": true
  },
  "mcdw:recipes/swords/sword_diamond_sword_var": {
    "criteria": {
      "has_stick": "2023-06-08 23:50:26 -0300"
    },
    "done": true
  },
  "minecraft:adventure/adventuring_time": {
    "criteria": {
      "minecraft:forest": "2023-06-08 23:48:11 -0300"
    },
    "done": false
  },
  "tconstruct:foundry/encyclopedia": {
    "criteria": {
      "crafted_book": "2023-06-08 23:59:12 -0300"
    },
    "done": true
  },
  "minecraft:recipes/misc/charcoal": {
    "criteria": {
      "has_log": "2023-06-08 23:49:38 -0300"
    },
    "done": true
  },
  "minecraft:recipes/decorations/purple_bed_from_white_bed": {
    "criteria": {
      "has_bed": "2023-06-08 23:51:36 -0300"
    },
    "done": true
  },
  "minecraft:recipes/tools/wooden_pickaxe": {
    "criteria": {
      "has_stick": "2023-06-08 23:50:26 -0300"
    },
    "done": true
  },
  "minecraft:recipes/building_blocks/cobblestone_slab_from_cobblestone_stonecutting": {
    "criteria": {
      "has_cobblestone": "2023-06-08 23:57:43 -0300"
    },
    "done": true
  },
  "another_furniture:recipes/another_furniture/crimson_drawer": {
    "criteria": {
      "has_planks": "2023-06-08 23:50:26 -0300"
    },
    "done": true
  },
  "minecraft:recipes/transportation/birch_boat": {
    "criteria": {
      "in_water": "2023-06-08 23:49:10 -0300"
    },
    "done": true
  },
  "minecraft:recipes/combat/stone_sword": {
    "criteria": {
      "has_cobblestone": "2023-06-08 23:57:43 -0300"
    },
    "done": true
  },
  "minecraft:recipes/building_blocks/oak_stairs": {
    "criteria": {
      "has_planks": "2023-06-08 23:50:00 -0300"
    },
    "done": true
  },
  "minecraft:recipes/decorations/cobblestone_wall": {
    "criteria": {
      "has_cobblestone": "2023-06-08 23:57:43 -0300"
    },
    "done": true
  },
  "minecraft:recipes/decorations/barrel": {
    "criteria": {
      "has_planks": "2023-06-08 23:50:00 -0300"
    },
    "done": true
  },
  "mcdw:recipes/hammers/hammer_great_hammer": {
    "criteria": {
      "has_stick": "2023-06-08 23:50:26 -0300"
    },
    "done": true
  },
  "techreborn:recipes/centrifuge/deuterium_cell": {
    "criteria": {
      "has_deuterium": "2023-06-08 23:48:11 -0300"
    },
    "done": true
  },
  "another_furniture:recipes/another_furniture/oak_shelf": {
    "criteria": {
      "has_planks": "2023-06-08 23:50:00 -0300"
    },
    "done": true
  },
  "minecraft:recipes/transportation/acacia_boat": {
    "criteria": {
      "in_water": "2023-06-08 23:49:10 -0300"
    },
    "done": true
  },
  "minecraft:recipes/tools/stone_pickaxe": {
    "criteria": {
      "has_cobblestone": "2023-06-08 23:57:44 -0300"
    },
    "done": true
  },
  "mcdw:recipes/crossbows/crossbow_harpoon_crossbow": {
    "criteria": {
      "has_planks": "2023-06-08 23:50:00 -0300"
    },
    "done": true
  },
  "minecraft:recipes/redstone/oak_door": {
    "criteria": {
      "has_planks": "2023-06-08 23:50:00 -0300"
    },
    "done": true
  },
  "tconstruct:tools/make_part": {
    "criteria": {
      "crafted_part": "2023-06-08 23:55:49 -0300"
    },
    "done": true
  },
  "farmersdelight:recipes/farmersdelight/cutting_board": {
    "criteria": {
      "has_stick": "2023-06-08 23:50:26 -0300"
    },
    "done": true
  },
  "techreborn:recipes/chemical_reactor/glyceryl": {
    "criteria": {
      "has_nitro_carbon": "2023-06-08 23:48:11 -0300"
    },
    "done": true
  },
  "minecraft:recipes/decorations/cyan_bed_from_white_bed": {
    "criteria": {
      "has_bed": "2023-06-08 23:51:36 -0300"
    },
    "done": true
  },
  "explorerscompass:explorers_compass": {
    "criteria": {
      "has_compass": "2023-06-08 23:48:11 -0300"
    },
    "done": true
  },
  "mcdw:recipes/hammers/hammer_mace": {
    "criteria": {
      "has_stick": "2023-06-08 23:50:26 -0300"
    },
    "done": true
  },
  "minecraft:recipes/transportation/jungle_boat": {
    "criteria": {
      "in_water": "2023-06-08 23:49:10 -0300"
    },
    "done": true
  },
  "mcdw:recipes/sickles/sickle_last_laugh_silver": {
    "criteria": {
      "has_stick": "2023-06-08 23:50:26 -0300"
    },
    "done": true
  },
  "minecraft:recipes/decorations/cobblestone_wall_from_cobblestone_stonecutting": {
    "criteria": {
      "has_cobblestone": "2023-06-08 23:57:43 -0300"
    },
    "done": true
  },
  "tconstruct:recipes/tconstruct/general/tables/tinker_station": {
    "criteria": {
      "has_item": "2023-06-08 23:50:27 -0300"
    },
    "done": true
  },
  "mcdw:recipes/hammers/hammer_flail": {
    "criteria": {
      "has_stick": "2023-06-08 23:50:26 -0300"
    },
    "done": true
  },
  "minecraft:recipes/decorations/gray_bed_from_white_bed": {
    "criteria": {
      "has_bed": "2023-06-08 23:51:36 -0300"
    },
    "done": true
  },
  "mcdw:recipes/daggers/dagger_tempest_knife": {
    "criteria": {
      "has_stick": "2023-06-08 23:50:26 -0300"
    },
    "done": true
  },
  "farmersdelight:main/root": {
    "criteria": {
      "seeds": "2023-06-08 23:48:11 -0300"
    },
    "done": true
  },
  "tconstruct:recipes/tconstruct/general/tables/pattern": {
    "criteria": {
      "has_item": "2023-06-08 23:50:26 -0300"
    },
    "done": true
  },
  "minecraft:recipes/decorations/lime_bed_from_white_bed": {
    "criteria": {
      "has_bed": "2023-06-08 23:51:36 -0300"
    },
    "done": true
  },
  "mcdw:recipes/sickles/sickle_soul_scythe": {
    "criteria": {
      "has_stick": "2023-06-08 23:50:26 -0300"
    },
    "done": true
  },
  "minecraft:recipes/tools/stone_hoe": {
    "criteria": {
      "has_cobblestone": "2023-06-08 23:57:43 -0300"
    },
    "done": true
  },
  "minecraft:recipes/transportation/dark_oak_boat": {
    "criteria": {
      "in_water": "2023-06-08 23:49:10 -0300"
    },
    "done": true
  },
  "techreborn:recipes/centrifuge/lava_cell": {
    "criteria": {
      "has_lava": "2023-06-08 23:48:11 -0300"
    },
    "done": true
  },
  "mcdw:recipes/daggers/dagger_dagger": {
    "criteria": {
      "has_stick": "2023-06-08 23:50:26 -0300"
    },
    "done": true
  },
  "tconstruct:tools/tinker_tool": {
    "criteria": {
      "crafted_tool": "2023-06-08 23:57:33 -0300"
    },
    "done": true
  },
  "another_furniture:recipes/another_furniture/acacia_drawer": {
    "criteria": {
      "has_planks": "2023-06-08 23:50:26 -0300"
    },
    "done": true
  },
  "techreborn:recipes/chemical_reactor/sulfuric_acid": {
    "criteria": {
      "has_sulfur": "2023-06-08 23:48:11 -0300"
    },
    "done": true
  },
  "minecraft:recipes/decorations/brown_bed_from_white_bed": {
    "criteria": {
      "has_bed": "2023-06-08 23:51:36 -0300"
    },
    "done": true
  },
  "minecraft:recipes/decorations/green_bed_from_white_bed": {
    "criteria": {
      "has_bed": "2023-06-08 23:51:36 -0300"
    },
    "done": true
  },
  "techreborn:recipes/fusion_reactor/platinum_dust": {
    "criteria": {
      "has_beryllium": "2023-06-08 23:48:11 -0300",
      "has_wolframium": "2023-06-08 23:48:11 -0300"
    },
    "done": true
  },
  "mcdw:recipes/spears/spear_spear": {
    "criteria": {
      "has_stick": "2023-06-08 23:50:26 -0300"
    },
    "done": true
  },
  "vinery:campfire": {
    "criteria": {
      "has_stick": "2023-06-08 23:50:26 -0300",
      "has_the_recipe": "2023-06-08 23:50:26 -0300"
    },
    "done": true
  },
  "dustrial_decor:recipes/decorations/large_lantern": {
    "criteria": {
      "has_torch": "2023-06-08 23:51:37 -0300"
    },
    "done": true
  },
  "minecraft:recipes/decorations/pink_bed_from_white_bed": {
    "criteria": {
      "has_bed": "2023-06-08 23:51:36 -0300"
    },
    "done": true
  },
  "mcdw:recipes/sickles/sickle_frost_scythe": {
    "criteria": {
      "has_stick": "2023-06-08 23:50:26 -0300"
    },
    "done": true
  },
  "tconstruct:tools/material_master": {
    "criteria": {
      "rock": "2023-06-08 23:58:27 -0300",
      "wood": "2023-06-08 23:57:33 -0300"
    },
    "done": false
  },
  "techreborn:recipes/chemical_reactor/sodium_persulfate": {
    "criteria": {
      "has_sodium_sulfide": "2023-06-08 23:48:11 -0300"
    },
    "done": true
  },
  "mcdw:recipes/sickles/sickle_nightmares_bite": {
    "criteria": {
      "has_stick": "2023-06-08 23:50:26 -0300"
    },
    "done": true
  },
  "techreborn:recipes/blast_furnace/silicon_plate": {
    "criteria": {
      "has_silicon": "2023-06-08 23:48:11 -0300"
    },
    "done": true
  },
  "techreborn:recipes/industrial_sawmill/saw_dust_from_planks": {
    "criteria": {
      "has_tag_minecraft_planks": "2023-06-08 23:50:00 -0300"
    },
    "done": true
  },
  "another_furniture:recipes/another_furniture/warped_drawer": {
    "criteria": {
      "has_planks": "2023-06-08 23:50:26 -0300"
    },
    "done": true
  },
  "campanion:recipes/combat/wooden_spear": {
    "criteria": {
      "has_stick": "2023-06-08 23:50:26 -0300"
    },
    "done": true
  },
  "techreborn:recipes/chemical_reactor/nitro_carbon": {
    "criteria": {
      "has_nitrogen": "2023-06-08 23:48:11 -0300"
    },
    "done": true
  },
  "tconstruct:recipes/tconstruct/general/tables/part_builder": {
    "criteria": {
      "has_item": "2023-06-08 23:50:27 -0300"
    },
    "done": true
  },
  "another_furniture:recipes/another_furniture/spruce_drawer": {
    "criteria": {
      "has_planks": "2023-06-08 23:50:26 -0300"
    },
    "done": true
  },
  "create:root": {
    "criteria": {
      "0": "2023-06-08 23:48:11 -0300"
    },
    "done": true
  },
  "mcdw:recipes/staves/staff_battlestaff": {
    "criteria": {
      "has_stick": "2023-06-08 23:50:26 -0300"
    },
    "done": true
  },
  "techreborn:recipes/compressor/compressed_plantball_from_plantball": {
    "criteria": {
      "has_plantball": "2023-06-08 23:48:11 -0300"
    },
    "done": true
  },
  "another_furniture:recipes/another_furniture/oak_table": {
    "criteria": {
      "has_planks": "2023-06-08 23:50:00 -0300"
    },
    "done": true
  },
  "mcdw:recipes/sickles/sickle_sickle": {
    "criteria": {
      "has_stick": "2023-06-08 23:50:26 -0300"
    },
    "done": true
  },
  "mcdw:recipes/staves/staff_battlestaff_of_terror": {
    "criteria": {
      "has_base": "2023-06-08 23:52:57 -0300"
    },
    "done": true
  },
  "tconstruct:tools/tool_smith": {
    "criteria": {
      "pickaxe": "2023-06-08 23:57:33 -0300"
    },
    "done": false
  },
  "minecraft:recipes/decorations/red_bed_from_white_bed": {
    "criteria": {
      "has_bed": "2023-06-08 23:51:36 -0300"
    },
    "done": true
  },
  "minecraft:recipes/decorations/oak_fence": {
    "criteria": {
      "has_planks": "2023-06-08 23:50:00 -0300"
    },
    "done": true
  },
  "minecraft:recipes/decorations/soul_campfire": {
    "criteria": {
      "has_stick": "2023-06-08 23:50:26 -0300"
    },
    "done": true
  },
  "minecraft:recipes/transportation/oak_boat": {
    "criteria": {
      "in_water": "2023-06-08 23:49:10 -0300"
    },
    "done": true
  },
  "minecraft:recipes/tools/stone_axe": {
    "criteria": {
      "has_cobblestone": "2023-06-08 23:57:43 -0300"
    },
    "done": true
  },
  "techreborn:recipes/chemical_reactor/sodium_sulfide": {
    "criteria": {
      "has_sulfur": "2023-06-08 23:48:11 -0300",
      "has_sodium": "2023-06-08 23:48:11 -0300"
    },
    "done": true
  },
  "minecraft:recipes/decorations/blue_bed_from_white_bed": {
    "criteria": {
      "has_bed": "2023-06-08 23:51:36 -0300"
    },
    "done": true
  },
  "minecraft:recipes/building_blocks/oak_slab": {
    "criteria": {
      "has_planks": "2023-06-08 23:50:00 -0300"
    },
    "done": true
  },
  "minecraft:recipes/decorations/light_gray_bed_from_white_bed": {
    "criteria": {
      "has_bed": "2023-06-08 23:51:36 -0300"
    },
    "done": true
  },
  "another_furniture:recipes/another_furniture/oak_chair": {
    "criteria": {
      "has_planks": "2023-06-08 23:50:00 -0300"
    },
    "done": true
  },
  "vinery:cherry_fence_gate": {
    "criteria": {
      "has_stick": "2023-06-08 23:50:26 -0300"
    },
    "done": true
  },
  "DataVersion": 2975
}