{"stats":{"minecraft:used":{"tconstruct:part_chest":1,"tconstruct:tinker_station":1,"mcdw:staff_battlestaff":4,"minecraft:torch":3,"minecraft:dirt":1,"minecraft:crafting_table":1,"tconstruct:crafting_station":1,"tconstruct:part_builder":1,"minecraft:cake":1},"minecraft:mined":{"tconstruct:part_builder":1,"tconstruct:tinker_station":1,"minecraft:crafting_table":1,"minecraft:oak_log":21,"minecraft:grass_block":1,"minecraft:stone":18,"minecraft:oak_leaves":5},"minecraft:crafted":{"tconstruct:hand_axe":1,"tconstruct:pickaxe":2,"tconstruct:pattern":3,"minecraft:oak_planks":24,"mcdw:staff_battlestaff":3,"minecraft:crafting_table":1,"tconstruct:crafting_station":1,"minecraft:stick":12,"tconstruct:part_chest":1,"minecraft:chest":1,"tconstruct:tool_handle":3,"tconstruct:small_axe_head":1,"tconstruct:pick_head":2,"tconstruct:tool_binding":3,"minecraft:air":0},"minecraft:picked_up":{"minecraft:crafting_table":1,"tconstruct:part_builder":1,"tconstruct:pick_head":1,"minecraft:oak_log":21,"minecraft:dirt":1,"tconstruct:tool_binding":1,"tconstruct:tinker_station":1,"minecraft:oak_sapling":1,"minecraft:cobblestone":18},"minecraft:custom":{"minecraft:time_since_rest":13457,"minecraft:sprint_one_cm":13270,"minecraft:walk_one_cm":25919,"minecraft:damage_taken":150,"minecraft:mob_kills":1,"minecraft:drop":5,"minecraft:damage_dealt":100,"minecraft:interact_with_crafting_table":2,"minecraft:fly_one_cm":4643,"minecraft:crouch_one_cm":390,"minecraft:play_time":13457,"minecraft:sneak_time":152,"minecraft:jump":59,"minecraft:eat_cake_slice":4,"minecraft:time_since_death":13457,"minecraft:total_world_time":13457,"minecraft:fall_one_cm":902},"minecraft:killed":{"naturalist:snake":1},"minecraft:dropped":{"tconstruct:pickaxe":1,"mcdw:staff_battlestaff":2,"ftbquests:book":1,"tconstruct:tool_binding":1}},"DataVersion":2975}