{"stats":{"minecraft:used":{"tconstruct:crafting_station":2,"tconstruct:tinker_station":1,"tconstruct:part_builder":1},"minecraft:mined":{"minecraft:grass":1,"minecraft:oak_log":1,"tconstruct:part_builder":1,"tconstruct:crafting_station":1,"tconstruct:tinker_station":1,"minecraft:birch_log":6,"minecraft:copper_ore":6,"minecraft:stone":7,"minecraft:birch_leaves":1},"minecraft:crafted":{"tconstruct:small_blade":1,"tconstruct:pickaxe":2,"tconstruct:tool_handle":3,"tconstruct:pick_head":2,"tconstruct:tool_binding":3,"minecraft:birch_planks":4,"minecraft:crafting_table":1,"tconstruct:crafting_station":1,"minecraft:air":0},"minecraft:custom":{"minecraft:time_since_rest":11214,"minecraft:crouch_one_cm":303,"minecraft:play_time":11214,"minecraft:sprint_one_cm":10853,"minecraft:walk_one_cm":26291,"minecraft:sneak_time":65,"minecraft:jump":75,"minecraft:leave_game":1,"minecraft:time_since_death":11214,"minecraft:total_world_time":11214,"minecraft:interact_with_crafting_table":2,"minecraft:fall_one_cm":1525,"minecraft:fly_one_cm":4163},"minecraft:picked_up":{"minecraft:raw_copper":20,"minecraft:birch_log":6,"tconstruct:crafting_station":1,"minecraft:stick":3,"minecraft:apple":1,"tconstruct:part_builder":1,"tconstruct:tinker_station":1,"minecraft:oak_log":1,"minecraft:cobblestone":7}},"DataVersion":2975}